27.63,48.71,0
27.63,48.68,0
27.63,48.64,0
27.64,48.58,0
27.65,48.51,0
27.65,48.51,0
27.66,48.55,0
27.66,48.55,0
27.67,48.51,0
27.69,48.45,0
27.69,48.38,0
27.69,48.35,0
27.7,48.32,0
27.71,48.29,0
27.71,48.29,0
27.73,48.25,0
27.73,48.25,0
27.73,48.25,0
27.73,48.25,0
27.73,48.32,0
27.74,48.29,0
27.73,48.25,0
27.72,48.25,0
27.72,48.25,0
27.72,48.32,0
27.74,48.32,0
27.73,48.35,0
27.75,48.32,0
27.76,48.32,0
27.77,48.25,0
27.77,48.29,0
27.76,48.25,0
27.77,48.29,0
27.77,48.29,0
27.77,48.25,0
27.78,48.25,0
27.79,48.25,0
27.81,48.29,0
27.8,48.25,0
27.8,48.22,0
27.8,48.22,0
27.8,48.19,0
27.8,48.16,0
27.79,48.16,0
27.8,48.16,0
27.81,48.16,0
27.81,48.12,0
27.81,48.16,0
27.82,48.12,0
27.83,48.12,0
27.82,48.16,0
27.83,48.12,0
27.84,48.16,0
27.85,48.16,0
27.84,48.12,0
27.87,48.12,0
27.86,48.16,0
27.86,48.16,0
27.85,48.12,0
27.85,48.12,0
27.86,48.12,0
27.85,48.16,0
27.86,48.16,0
27.87,48.16,0
27.87,48.12,0
27.86,48.12,0
27.87,48.12,0
27.87,48.12,0
27.87,48.12,0
27.88,48.16,0
27.88,48.16,0
27.89,48.16,0
27.89,48.12,0
27.92,48.12,0
27.91,48.12,0
27.91,48.12,0
27.9,48.12,0
27.9,48.09,0
27.91,48.06,0
27.89,48.12,0
27.9,48.12,0
27.91,48.12,0
27.9,48.12,0
27.91,48.16,0
27.91,48.16,0
27.91,48.19,0
27.91,48.19,0
27.91,48.19,0
27.92,48.16,0
27.92,48.19,0
27.91,48.19,0
27.92,48.19,0
27.93,48.19,0
27.93,48.25,0
27.93,48.25,0
27.93,48.25,0
27.93,48.29,0
27.92,48.32,0
27.93,48.38,0
27.93,48.42,0
27.93,48.45,0
27.93,48.45,0
27.93,48.48,0
27.93,48.55,0
27.93,48.58,0
27.93,48.61,0
27.93,48.68,0
27.94,48.68,0
27.95,48.68,0
27.94,48.71,0
27.94,48.74,0
27.92,48.71,0
27.93,48.74,0
27.93,48.77,0
27.94,48.74,0
27.95,48.74,0
27.95,48.77,0
27.95,48.77,0
27.96,48.77,0
27.94,48.77,0
27.92,48.74,0
27.92,48.77,0
27.89,48.58,0
27.9,48.51,0
27.87,48.58,0
27.86,48.58,0
27.85,48.77,0
27.85,48.84,0
27.82,48.77,0
27.82,48.77,0
27.81,48.74,0
27.8,48.71,0
27.8,48.71,0
27.79,48.71,0
27.77,48.71,0
27.77,48.77,0
27.75,48.81,0
27.77,48.87,0
27.75,48.94,0
27.75,48.9,0
27.73,48.94,0
27.72,48.9,0
27.71,48.84,0
27.69,48.84,0
27.7,48.84,0
27.68,48.9,0
27.67,48.94,0
27.65,48.9,0
27.67,48.94,0
27.64,48.94,0
27.64,48.94,0
27.64,48.9,0
27.64,48.87,0
27.64,48.87,0
27.64,48.97,0
27.64,48.97,0
27.63,48.9,0
27.62,48.9,0
27.62,48.9,0
27.62,48.9,0
27.61,48.9,0
27.6,48.97,0
27.6,48.9,0
27.61,48.87,0
27.59,48.74,0
27.58,48.74,0
27.59,48.81,0
27.59,48.87,0
27.58,48.84,0
27.6,48.87,0
27.58,48.9,0
27.58,48.87,0
27.58,48.87,0
27.56,48.84,0
27.57,48.81,0
27.55,48.77,0
27.57,48.77,0
27.57,48.71,0
27.56,48.77,0
27.54,48.81,0
27.53,48.77,0
27.52,48.74,0
27.51,48.74,0
27.5,48.81,0
27.5,48.77,0
27.5,48.77,0
27.49,48.84,0
27.5,48.84,0
27.49,48.84,0
27.48,48.77,0
27.5,48.71,0
27.48,48.68,0
27.48,48.74,0
27.49,48.71,0
27.49,48.68,0
27.48,48.77,0
27.49,48.77,0
27.49,48.74,0
27.49,48.71,0
27.48,48.64,0
27.48,48.68,0
27.48,48.61,0
27.47,48.68,0
27.47,48.68,0
27.47,48.71,0
27.47,48.71,0
27.45,48.64,0
27.46,48.71,0
27.45,48.68,0
27.45,48.61,0
27.45,48.58,0
27.45,48.51,0
27.46,48.48,0
27.46,48.48,0
27.45,48.48,0
27.45,48.48,0
27.43,48.45,0
27.44,48.45,0
27.43,48.45,0
27.42,48.51,0
27.41,48.51,0
27.41,48.55,0
27.42,48.58,0
27.4,48.48,0
27.41,48.45,0
27.4,48.48,0
27.4,48.48,0
27.4,48.51,0
27.39,48.51,0
27.39,48.58,0
27.39,48.58,0
27.39,48.58,0
27.39,48.58,0
27.38,48.51,0
27.38,48.48,0
27.37,48.51,0
27.39,48.48,0
27.39,48.45,0
27.39,48.45,0
27.39,48.45,0
27.39,48.45,0
27.39,48.48,0
27.38,48.32,0
27.37,48.38,0
27.36,48.38,0
27.35,48.48,0
27.35,48.45,0
27.36,48.35,0
27.36,48.38,0
27.34,48.35,0
27.36,48.42,0
27.36,48.38,0
27.34,48.29,0
27.35,48.32,0
27.35,48.35,0
27.34,48.38,0
27.33,48.38,0
27.33,48.42,0
27.32,48.42,0
27.33,48.38,0
27.33,48.45,0
27.33,48.45,0
27.34,48.48,0
27.35,48.45,0
27.34,48.51,0
27.33,48.45,0
27.33,48.45,0
27.34,48.42,0
27.34,48.45,0
27.34,48.58,0
27.35,48.45,0
27.33,48.32,0
27.34,48.32,0
27.34,48.25,0
27.35,48.32,0
27.34,48.38,0
27.33,48.42,0
27.34,48.45,0
27.33,48.42,0
27.33,48.35,0
27.32,48.32,0
27.32,48.32,0
27.31,48.32,0
27.3,48.35,0
27.3,48.38,0
27.31,48.38,0
27.3,48.32,0
27.3,48.32,0
27.29,48.25,0
27.29,48.25,0
27.31,48.35,0
27.31,48.29,0
27.31,48.19,0
27.3,48.12,0
27.31,48.16,0
27.3,48.22,0
27.31,48.22,0
27.29,48.19,0
27.29,48.22,0
27.29,48.25,0
27.27,48.25,0
27.28,48.29,0
27.27,48.32,0
27.27,48.32,0
27.27,48.35,0
27.25,48.32,0
27.26,48.32,0
27.27,48.32,0
27.25,48.32,0
27.27,48.25,0
27.27,48.19,0
27.25,48.19,0
27.25,48.16,0
27.27,48.16,0
27.27,48.16,0
27.26,48.29,0
27.27,48.32,0
27.27,48.22,0
27.27,48.19,0
27.28,48.19,0
27.28,48.22,0
27.28,48.29,0
27.26,48.38,0
27.24,48.45,0
27.25,48.58,0
27.25,48.45,0
27.26,48.19,0
27.25,48.06,0
27.27,47.96,0
27.28,47.9,0
27.3,47.93,0
27.31,47.93,0
27.33,48.06,0
27.35,48.16,0
27.35,48.29,0
27.37,48.32,0
27.37,48.29,0
27.39,48.25,0
27.4,48.29,0
27.41,48.38,0
27.41,48.38,0
27.42,48.35,0
27.43,48.12,0
27.43,47.99,0
27.45,47.9,0
27.43,47.77,0
27.45,47.73,0
27.45,47.73,0
27.47,47.73,0
27.48,47.7,0
27.48,47.73,0
27.48,47.73,0
27.49,47.73,0
27.51,47.73,0
27.52,47.8,0
27.53,47.77,0
27.54,47.77,0
27.55,47.86,0
27.56,47.93,0
27.55,48.03,0
27.55,48.12,0
27.56,48.16,0
27.56,48.22,0
27.57,48.22,0
27.57,48.22,0
27.58,48.19,0
27.59,48.19,0
27.59,48.19,0
27.6,48.12,0
27.61,48.12,0
27.62,48.12,0
27.63,48.12,0
27.64,48.16,0
27.64,48.12,0
27.65,48.16,0
27.65,48.19,0
27.65,48.19,0
27.67,48.22,0
27.68,48.25,0
27.68,48.25,0
27.68,48.25,0
27.69,48.29,0
27.67,48.29,0
27.69,48.29,0
27.69,48.32,0
27.7,48.32,0
27.7,48.32,0
27.71,48.32,0
27.71,48.32,0
27.73,48.32,0
27.73,48.32,0
27.73,48.32,0
27.76,48.32,0
27.75,48.32,0
27.75,48.32,0
27.76,48.32,0
27.77,48.32,0
27.77,48.29,0
27.77,48.25,0
27.77,48.22,0
27.75,48.35,0
27.75,48.48,0
27.75,48.68,0
27.75,48.84,0
27.76,48.9,0
27.77,48.94,0
27.76,48.9,0
27.77,48.84,0
27.76,48.58,0
27.76,48.38,0
27.76,48.38,0
27.76,48.38,0
27.76,48.38,0
27.77,48.42,0
27.79,48.51,0
27.79,48.58,0
27.81,48.61,0
27.82,48.58,0
27.81,48.58,0
27.8,48.48,0
27.8,48.45,0
27.79,48.35,0
27.8,48.32,0
27.8,48.32,0
27.79,48.29,0
27.79,48.29,0
27.8,48.25,0
27.81,48.25,0
27.82,48.25,0
27.82,48.25,0
27.83,48.29,0
27.85,48.25,0
27.85,48.29,0
27.85,48.29,0
27.85,48.32,0
27.85,48.32,0
27.86,48.32,0
27.85,48.32,0
27.86,48.32,0
27.87,48.29,0
27.86,48.25,0
27.87,48.25,0
27.87,48.25,0
27.86,48.25,0
27.86,48.25,0
27.85,48.25,0
27.86,48.25,0
27.85,48.22,0
27.85,48.25,0
27.84,48.25,0
27.85,48.25,0
27.86,48.29,0
27.87,48.29,0
27.85,48.29,0
27.85,48.32,0
27.86,48.61,0
27.85,48.84,0
27.85,48.97,0
27.85,49.03,0
27.85,48.81,0
27.85,48.55,0
27.86,48.38,0
27.85,48.48,0
27.83,48.64,0
27.82,48.74,0
27.81,48.77,0
27.8,48.84,0
27.81,48.87,0
27.8,48.84,0
27.82,48.84,0
27.83,48.84,0
27.84,48.9,0
27.85,48.9,0
27.84,48.97,0
27.85,48.94,0
27.85,48.94,0
27.86,48.84,0
27.86,48.84,0
27.85,48.81,0
27.83,48.87,0
27.8,48.97,0
27.77,49.03,0
27.75,49.03,0
27.76,49.1,0
27.74,49.1,0
27.74,49.1,0
27.73,49.1,0
27.74,49.06,0
27.72,49,0
27.71,48.9,0
27.71,48.9,0
27.69,48.94,0
27.69,48.9,0
27.67,48.87,0
27.66,48.87,0
27.67,48.9,0
27.67,48.94,0
27.64,48.9,0
27.63,48.87,0
27.59,48.84,0
27.57,48.9,0
27.58,48.9,0
27.57,48.9,0
27.56,48.9,0
27.54,48.9,0
27.53,48.81,0
27.52,48.81,0
27.52,48.84,0
27.5,48.84,0
27.46,48.77,0
27.44,48.77,0
27.42,48.81,0
27.41,48.77,0
27.4,48.77,0
27.38,48.77,0
27.35,48.77,0
27.33,48.84,0
27.29,48.84,0
27.28,48.87,0
27.27,48.94,0
27.25,49,0
27.26,48.97,0
27.23,48.94,0
27.22,48.97,0
27.19,49.03,0
27.19,49,0
27.18,49,0
27.16,48.87,0
27.14,48.87,0
27.13,48.94,0
27.13,48.97,0
27.13,48.9,0
27.11,48.84,0
27.08,48.84,0
27.06,48.84,0
27.05,48.9,0
27.03,48.9,0
27.03,48.97,0
27.03,48.97,0
27.02,48.94,0
27.01,48.97,0
27,49,0
26.98,49.03,0
26.97,49.03,0
26.97,49.06,0
26.94,49,0
26.94,49,0
26.92,49,0
26.93,48.97,0
26.89,48.94,0
26.89,48.94,0
26.88,49.03,0
26.87,49,0
26.86,49.03,0
26.83,49.03,0
26.84,49.03,0
26.84,49.06,0
26.83,49.03,0
26.83,49.03,0
26.82,49,0
26.8,48.97,0
26.81,48.97,0
26.8,48.97,0
26.8,48.97,0
26.77,48.97,0
26.78,48.97,0
26.76,48.97,0
26.75,48.97,0
26.74,48.97,0
26.74,48.94,0
26.74,48.9,0
26.74,48.9,0
26.72,48.94,0
26.72,48.9,0
26.71,48.94,0
26.7,48.9,0
26.69,48.94,0
26.67,48.94,0
26.65,49,0
26.63,49.03,0
26.63,49.1,0
26.63,49.03,0
26.62,49.06,0
26.62,49.03,0
26.61,49.03,0
26.61,49.03,0
26.59,48.97,0
26.59,48.97,0
26.59,49.03,0
26.59,49,0
26.6,49,0
26.59,48.97,0
26.58,48.94,0
26.59,48.9,0
26.58,48.94,0
26.59,49,0
26.59,48.97,0
26.59,48.97,0
26.57,48.94,0
26.56,48.97,0
26.56,48.97,0
26.56,49,0
26.56,48.97,0
26.55,48.94,0
26.56,48.94,0
26.54,48.94,0
26.53,48.87,0
26.53,48.84,0
26.53,48.81,0
26.53,48.81,0
26.53,48.77,0
26.52,48.77,0
26.52,48.81,0
26.51,48.77,0
26.51,48.77,0
26.51,48.84,0
26.5,48.84,0
26.49,48.87,0
26.48,48.9,0
26.47,48.94,0
26.47,48.9,0
26.47,48.9,0
26.45,48.94,0
26.45,48.94,0
26.47,48.9,0
26.45,48.9,0
26.43,48.84,0
26.44,48.84,0
26.44,48.77,0
26.43,48.74,0
26.43,48.71,0
26.43,48.71,0
26.43,48.74,0
26.42,48.74,0
26.43,48.74,0
26.41,48.71,0
26.41,48.77,0
26.41,48.81,0
26.4,48.94,0
26.4,49,0
26.38,49.16,0
26.39,49.26,0
26.39,49.42,0
26.39,49.48,0
26.4,49.61,0
26.41,49.58,0
26.41,49.65,0
26.42,49.87,0
26.41,50,0
26.44,50,0
26.47,49.81,0
26.48,49.74,0
26.49,49.45,0
26.5,49.29,0
26.53,49.29,0
26.54,49.26,0
26.57,49.26,0
26.57,49.16,0
26.59,49.03,0
26.6,49.03,0
26.63,48.97,0
26.63,48.97,0
26.66,48.9,0
26.67,48.81,0
26.68,48.77,0
26.7,48.71,0
26.71,48.64,0
26.74,48.64,0
26.75,48.71,0
26.77,48.71,0
26.78,48.74,0
26.82,48.71,0
26.83,48.64,0
26.85,48.64,0
26.87,48.58,0
26.89,48.55,0
26.89,48.51,0
26.9,48.48,0
26.92,48.48,0
26.93,48.45,0
26.95,48.45,0
26.97,48.42,0
26.98,48.35,0
26.98,48.38,0
27.01,48.38,0
27,48.38,0
27.01,48.38,0
27.04,48.32,0
27.05,48.25,0
27.05,48.22,0
27.06,48.19,0
27.08,48.16,0
27.08,48.16,0
27.09,48.12,0
27.11,48.12,0
27.13,48.09,0
27.13,48.06,0
27.15,48.06,0
27.15,48.03,0
27.15,48.03,0
27.16,48.06,0
27.18,48.06,0
27.17,48.06,0
27.18,48.03,0
27.19,47.99,0
27.2,47.99,0
27.2,47.96,0
27.22,47.93,0
27.21,47.93,0
27.22,47.93,0
27.23,47.86,0
27.24,47.86,0
27.25,47.86,0
27.25,47.9,0
27.25,47.9,0
27.27,47.9,0
27.27,47.9,0
27.27,47.86,0
27.27,47.83,0
27.27,47.77,0
27.29,47.8,0
27.29,47.8,0
27.3,47.77,0
27.3,47.8,0
27.3,47.8,0
27.31,47.8,0
27.31,47.77,0
27.32,47.73,0
27.33,47.77,0
27.33,47.73,0
27.33,47.77,0
27.34,47.73,0
27.36,47.73,0
27.36,47.73,0
27.37,47.73,0
27.37,47.73,0
27.37,47.7,0
27.38,47.7,0
27.37,47.73,0
27.39,47.7,0
27.37,47.73,0
27.39,47.73,0
27.39,47.7,0
27.39,47.73,0
27.41,47.7,0
27.39,47.7,0
27.39,47.73,0
27.41,47.73,0
27.41,47.73,0
27.42,47.77,0
27.43,47.73,0
27.45,47.77,0
27.45,47.8,0
27.45,47.8,0
27.46,47.8,0
27.47,47.83,0
27.46,47.86,0
27.46,47.86,0
27.46,47.86,0
27.45,47.86,0
27.46,47.93,0
27.46,48.06,0
27.45,48.09,0
27.46,48.09,0
27.47,48.06,0
27.47,48.06,0
27.48,47.99,0
27.49,47.99,0
27.49,48.06,0
27.49,48.12,0
27.5,48.25,0
27.51,48.35,0
27.5,48.35,0
27.49,48.55,0
27.47,48.64,0
27.45,48.77,0
27.44,48.71,0
27.43,48.71,0
27.41,48.58,0
27.41,48.45,0
27.41,48.35,0
27.41,48.25,0
27.41,48.19,0
27.4,48.22,0
27.38,48.22,0
27.36,48.19,0
27.33,48.25,0
27.33,48.32,0
27.31,48.32,0
27.3,48.38,0
27.29,48.38,0
27.3,48.38,0
27.28,48.32,0
27.25,48.32,0
27.23,48.29,0
27.21,48.35,0
27.19,48.45,0
27.16,48.48,0
27.13,48.45,0
27.11,48.45,0
27.08,48.42,0
27.06,48.38,0
27.05,48.42,0
27,48.45,0
26.99,48.51,0
26.98,48.55,0
26.96,48.55,0
26.93,48.48,0
26.92,48.51,0
26.9,48.51,0
26.9,48.58,0
26.88,48.58,0
26.86,48.58,0
26.83,48.55,0
26.83,48.55,0
26.83,48.61,0
26.82,48.64,0
26.79,48.64,0
26.77,48.68,0
26.77,48.71,0
26.75,48.68,0
26.74,48.64,0
26.72,48.64,0
26.71,48.68,0
26.7,48.64,0
26.69,48.74,0
26.68,48.68,0
26.67,48.71,0
26.65,48.74,0
26.65,48.71,0
26.63,48.77,0
26.63,48.84,0
26.65,48.84,0
26.65,48.84,0
26.64,48.84,0
26.65,48.87,0
26.65,48.81,0
26.65,48.77,0
26.63,48.77,0
26.61,48.77,0
26.61,48.77,0
26.6,48.71,0
26.57,48.71,0
26.57,48.71,0
26.57,48.71,0
26.55,48.68,0
26.53,48.64,0
26.5,48.68,0
26.49,48.71,0
26.49,48.71,0
26.48,48.71,0
26.49,48.77,0
26.49,48.81,0
26.51,48.84,0
26.52,48.77,0
26.53,48.77,0
26.53,48.77,0
26.53,48.77,0
26.53,48.74,0
26.51,48.71,0
26.49,48.71,0
26.5,48.71,0
26.48,48.71,0
26.47,48.68,0
26.45,48.68,0
26.46,48.68,0
26.45,48.68,0
26.46,48.71,0
26.47,48.61,0
26.45,48.58,0
26.44,48.58,0
26.41,48.58,0
26.42,48.68,0
26.41,48.71,0
26.39,48.68,0
26.38,48.71,0
26.36,48.74,0
26.35,48.77,0
26.36,48.77,0
26.37,48.71,0
26.37,48.71,0
26.35,48.68,0
26.35,48.71,0
26.32,48.71,0
26.32,48.64,0
26.29,48.71,0
26.3,48.71,0
26.29,48.64,0
26.28,48.64,0
26.29,48.68,0
26.29,48.68,0
26.29,48.68,0
26.29,48.71,0
26.29,48.64,0
26.27,48.68,0
26.27,48.71,0
26.27,48.77,0
26.28,48.81,0
26.28,48.77,0
26.28,48.77,0
26.29,48.77,0
26.27,48.71,0
26.27,48.68,0
26.26,48.68,0
26.28,48.68,0
26.27,48.64,0
26.27,48.58,0
26.25,48.58,0
26.25,48.61,0
26.24,48.64,0
26.23,48.71,0
26.23,48.68,0
26.24,48.68,0
26.24,48.71,0
26.23,48.68,0
26.22,48.64,0
26.22,48.68,0
26.21,48.64,0
26.19,48.68,0
26.2,48.71,0
26.2,48.64,0
26.2,48.61,0
26.2,48.61,0
26.21,48.61,0
26.22,48.58,0
26.21,48.64,0
26.21,48.64,0
26.21,48.61,0
26.23,48.61,0
26.24,48.58,0
26.24,48.55,0
26.22,48.51,0
26.22,48.51,0
26.24,48.58,0
26.21,48.68,0
26.22,48.81,0
26.22,48.87,0
26.21,48.84,0
26.21,48.9,0
26.21,49.13,0
26.2,49.32,0
26.19,49.39,0
26.2,49.55,0
26.21,49.48,0
26.23,49.61,0
26.26,49.71,0
26.27,49.55,0
26.28,49.32,0
26.29,49.29,0
26.31,49.16,0
26.31,49.03,0
26.33,48.94,0
26.35,48.84,0
26.37,48.77,0
26.39,48.71,0
26.4,48.64,0
26.43,48.61,0
26.45,48.51,0
26.47,48.51,0
26.49,48.51,0
26.51,48.58,0
26.5,48.51,0
26.53,48.51,0
26.54,48.51,0
26.54,48.51,0
26.57,48.45,0
26.59,48.45,0
26.6,48.42,0
26.61,48.32,0
26.63,48.32,0
26.64,48.25,0
26.67,48.22,0
26.68,48.22,0
26.69,48.19,0
26.71,48.16,0
26.72,48.12,0
26.73,48.12,0
26.75,48.12,0
26.75,48.06,0
26.77,48.06,0
26.78,48.03,0
26.79,48.03,0
26.81,47.99,0
26.81,47.96,0
26.81,47.93,0
26.83,47.9,0
26.83,47.86,0
26.86,47.86,0
26.86,47.86,0
26.88,47.83,0
26.88,47.8,0
26.9,47.8,0
26.92,47.8,0
26.92,47.77,0
26.93,47.73,0
26.93,47.67,0
26.94,47.67,0
26.94,47.64,0
26.95,47.67,0
26.97,47.67,0
26.96,47.7,0
26.98,47.7,0
26.98,47.73,0
26.98,47.73,0
26.99,47.67,0
27,47.67,0
27,47.67,0
27.01,47.67,0
27.01,47.64,0
27.01,47.64,0
27.02,47.64,0
27.04,47.64,0
27.04,47.6,0
27.06,47.64,0
27.06,47.6,0
27.05,47.6,0
27.07,47.6,0
27.08,47.6,0
27.07,47.57,0
27.08,47.54,0
27.09,47.51,0
27.09,47.51,0
27.09,47.47,0
27.08,47.47,0
27.1,47.47,0
27.1,47.51,0
27.11,47.47,0
27.11,47.47,0
27.13,47.47,0
27.13,47.51,0
27.13,47.51,0
27.14,47.54,0
27.16,47.51,0
27.15,47.51,0
27.16,47.47,0
27.16,47.47,0
27.17,47.47,0
27.17,47.47,0
27.17,47.47,0
27.18,47.44,0
27.19,47.44,0
27.18,47.44,0
27.19,47.44,0
27.17,47.47,0
27.19,47.51,0
27.2,47.54,0
27.2,47.6,0
27.21,47.6,0
27.21,47.57,0
27.22,47.54,0
27.23,47.54,0
27.24,47.54,0
27.23,47.54,0
27.23,47.54,0
27.25,47.57,0
27.25,47.57,0
27.25,47.57,0
27.25,47.57,0
27.24,47.54,0
27.26,47.57,0
27.26,47.57,0
27.27,47.6,0
27.27,47.6,0
27.25,47.6,0
27.26,47.6,0
27.27,47.67,0
27.25,47.73,0
27.25,47.77,0
27.26,47.77,0
27.27,47.77,0
27.27,47.8,0
27.28,47.8,0
27.28,47.83,0
27.29,47.83,0
27.3,47.86,0
27.29,47.9,0
27.3,47.86,0
27.31,47.86,0
27.31,47.9,0
27.31,47.93,0
27.3,47.9,0
27.31,47.93,0
27.31,47.96,0
27.32,48.03,0
27.32,48.12,0
27.32,48.16,0
27.32,48.16,0
27.32,48.12,0
27.33,48.16,0
27.33,48.19,0
27.34,48.19,0
27.35,48.19,0
27.33,48.25,0
27.31,48.25,0
27.3,48.42,0
27.27,48.48,0
27.25,48.51,0
27.25,48.38,0
27.23,48.25,0
27.24,48.06,0
27.24,47.93,0
27.24,47.93,0
27.22,47.99,0
27.21,48.06,0
27.19,48.12,0
27.17,48.19,0
27.17,48.25,0
27.16,48.19,0
27.14,48.22,0
27.13,48.22,0
27.15,48.22,0
27.14,48.19,0
27.13,48.22,0
27.11,48.25,0
27.09,48.22,0
27.06,48.22,0
27.05,48.25,0
27.04,48.25,0
27,48.29,0
27,48.35,0
26.98,48.32,0
26.95,48.29,0
26.93,48.32,0
26.91,48.35,0
26.88,48.35,0
26.87,48.38,0
26.86,48.38,0
26.83,48.35,0
26.81,48.32,0
26.81,48.32,0
26.79,48.38,0
26.77,48.38,0
26.76,48.38,0
26.75,48.45,0
26.74,48.51,0
26.73,48.51,0
26.71,48.48,0
26.69,48.48,0
26.68,48.48,0
26.66,48.51,0
26.64,48.48,0
26.62,48.48,0
26.62,48.55,0
26.61,48.58,0
26.6,48.51,0
26.58,48.45,0
26.56,48.51,0
26.55,48.48,0
26.54,48.48,0
26.54,48.48,0
26.54,48.51,0
26.52,48.48,0
26.51,48.48,0
26.51,48.55,0
26.49,48.48,0
26.47,48.45,0
26.45,48.48,0
26.43,48.51,0
26.44,48.61,0
26.43,48.58,0
26.43,48.61,0
26.41,48.64,0
26.4,48.64,0
26.39,48.64,0
26.38,48.58,0
26.37,48.58,0
26.35,48.55,0
26.35,48.51,0
26.33,48.45,0
26.33,48.51,0
26.33,48.58,0
26.32,48.55,0
26.34,48.64,0
26.3,48.61,0
26.31,48.68,0
26.31,48.68,0
26.29,48.64,0
26.3,48.64,0
26.27,48.61,0
26.26,48.61,0
26.24,48.68,0
26.23,48.64,0
26.23,48.58,0
26.22,48.61,0
26.21,48.64,0
26.21,48.58,0
26.2,48.58,0
26.21,48.61,0
26.22,48.61,0
26.21,48.61,0
26.22,48.58,0
26.22,48.51,0
26.2,48.51,0
26.21,48.51,0
26.19,48.55,0
26.18,48.58,0
26.16,48.58,0
26.15,48.55,0
26.15,48.58,0
26.14,48.58,0
26.15,48.58,0
26.15,48.58,0
26.14,48.58,0
26.13,48.55,0
26.13,48.58,0
26.12,48.58,0
26.13,48.55,0
26.13,48.55,0
26.11,48.55,0
26.13,48.48,0
26.09,48.45,0
26.1,48.48,0
26.09,48.55,0
26.09,48.51,0
26.09,48.51,0
26.09,48.55,0
26.09,48.51,0
26.06,48.51,0
26.04,48.51,0
26.05,48.55,0
26.06,48.58,0
26.05,48.58,0
26.04,48.48,0
26.06,48.48,0
26.05,48.51,0
26.03,48.51,0
26.02,48.45,0
26.05,48.51,0
26.04,48.45,0
26.03,48.45,0
26.02,48.45,0
26.03,48.51,0
26.03,48.51,0
26.03,48.51,0
26.03,48.48,0
26.03,48.45,0
26.01,48.45,0
26.01,48.48,0
26.03,48.51,0
26.03,48.58,0
26.04,48.61,0
26.05,48.68,0
26.03,48.77,0
26.04,48.71,0
26.02,48.81,0
26.03,48.97,0
26.03,49.23,0
26.03,49.29,0
26.02,49.42,0
26.03,49.36,0
26.03,49.36,0
26.05,49.42,0
26.08,49.36,0
26.11,49.32,0
26.12,49.1,0
26.13,48.9,0
26.15,48.81,0
26.16,48.71,0
26.17,48.64,0
26.19,48.64,0
26.19,48.61,0
26.22,48.58,0
26.22,48.58,0
26.24,48.58,0
26.25,48.55,0
26.28,48.55,0
26.3,48.48,0
26.31,48.45,0
26.32,48.38,0
26.35,48.38,0
26.37,48.32,0
26.39,48.29,0
26.4,48.25,0
26.41,48.19,0
26.45,48.19,0
26.47,48.16,0
26.49,48.19,0
26.5,48.19,0
26.53,48.19,0
26.54,48.12,0
26.55,48.09,0
26.54,48.06,0
26.57,48.03,0
26.58,48.03,0
26.58,48.03,0
26.6,48.03,0
26.61,47.99,0
26.61,47.96,0
26.62,47.93,0
26.63,47.9,0
26.65,47.9,0
26.66,47.93,0
26.67,47.96,0
26.69,47.93,0
26.68,47.9,0
26.71,47.86,0
26.71,47.86,0
26.72,47.83,0
26.73,47.73,0
26.73,47.7,0
26.76,47.67,0
26.75,47.64,0
26.76,47.64,0
26.76,47.6,0
26.78,47.6,0
26.79,47.6,0
26.78,47.6,0
26.8,47.6,0
26.8,47.6,0
26.81,47.54,0
26.82,47.51,0
26.82,47.47,0
26.85,47.47,0
26.84,47.47,0
26.86,47.47,0
26.85,47.47,0
26.86,47.47,0
26.87,47.51,0
26.88,47.47,0
26.87,47.47,0
26.88,47.51,0
26.89,47.51,0
26.89,47.47,0
26.9,47.47,0
26.9,47.47,0
26.91,47.51,0
26.92,47.51,0
26.92,47.51,0
26.93,47.51,0
26.93,47.51,0
26.93,47.47,0
26.93,47.47,0
26.93,47.44,0
26.95,47.44,0
26.96,47.41,0
26.96,47.41,0
26.96,47.41,0
26.97,47.38,0
26.98,47.38,0
26.99,47.38,0
27,47.34,0
26.99,47.34,0
27.01,47.34,0
27.01,47.34,0
27.01,47.38,0
27.01,47.44,0
27.03,47.41,0
27.03,47.41,0
27.05,47.38,0
27.04,47.34,0
27.05,47.38,0
27.04,47.41,0
27.03,47.44,0
27.05,47.41,0
27.04,47.41,0
27.05,47.41,0
27.05,47.41,0
27.05,47.41,0
27.06,47.44,0
27.05,47.54,0
27.06,47.7,0
27.05,47.8,0
27.05,47.7,0
27.06,47.64,0
27.07,47.6,0
27.07,47.57,0
27.09,47.54,0
27.09,47.54,0
27.09,47.54,0
27.11,47.6,0
27.11,47.54,0
27.12,47.54,0
27.13,47.47,0
27.14,47.47,0
27.13,47.47,0
27.15,47.54,0
27.15,47.54,0
27.15,47.57,0
27.15,47.57,0
27.15,47.54,0
27.15,47.57,0
27.13,47.6,0
27.14,47.64,0
27.15,47.6,0
27.14,47.6,0
27.14,47.57,0
27.14,47.57,0
27.14,47.64,0
27.16,47.7,0
27.15,47.73,0
27.15,47.73,0
27.16,47.67,0
27.15,47.64,0
27.17,47.64,0
27.17,47.64,0
27.15,47.67,0
27.17,47.7,0
27.17,47.67,0
27.18,47.64,0
27.19,47.64,0
27.18,47.67,0
27.17,47.73,0
27.17,47.77,0
27.17,47.8,0
27.15,47.77,0
27.17,47.77,0
27.16,47.77,0
27.17,47.77,0
27.15,47.77,0
27.14,47.8,0
27.13,47.86,0
27.13,47.86,0
27.13,47.86,0
27.13,47.9,0
27.13,47.93,0
27.12,47.96,0
27.13,47.99,0
27.13,48.06,0
27.13,48.06,0
27.15,47.99,0
27.15,48.06,0
27.14,48.06,0
27.15,48.03,0
27.16,47.99,0
27.15,47.99,0
27.14,48.06,0
27.13,48.12,0
27.11,48.16,0
27.09,48.16,0
27.1,48.19,0
27.1,48.22,0
27.1,48.16,0
27.1,48.12,0
27.11,48.09,0
27.1,48.09,0
27.09,48.06,0
27.07,48.09,0
27.07,48.09,0
27.07,48.06,0
27.02,48.06,0
27.04,48.06,0
27.01,48.09,0
27,48.06,0
26.98,48.03,0
26.95,48.03,0
26.93,48.06,0
26.92,48.06,0
26.9,47.99,0
26.87,47.99,0
26.86,47.99,0
26.84,48.03,0
26.82,47.99,0
26.81,48.03,0
26.81,47.99,0
26.79,47.99,0
26.76,47.99,0
26.74,47.99,0
26.72,47.99,0
26.71,48.06,0
26.68,48.06,0
26.67,48.03,0
26.64,47.99,0
26.62,48.06,0
26.6,48.09,0
26.58,48.12,0
26.58,48.16,0
26.55,48.16,0
26.53,48.19,0
26.53,48.19,0
26.51,48.22,0
26.5,48.19,0
26.49,48.19,0
26.45,48.19,0
26.42,48.12,0
26.42,48.12,0
26.41,48.16,0
26.4,48.12,0
26.39,48.09,0
26.37,48.06,0
26.35,48.06,0
26.35,48.09,0
26.33,48.12,0
26.33,48.22,0
26.32,48.22,0
26.31,48.29,0
26.3,48.32,0
26.3,48.32,0
26.29,48.32,0
26.3,48.29,0
26.3,48.32,0
26.29,48.38,0
26.3,48.35,0
26.27,48.29,0
26.27,48.25,0
26.26,48.25,0
26.25,48.19,0
26.25,48.12,0
26.23,48.12,0
26.21,48.19,0
26.21,48.19,0
26.19,48.19,0
26.18,48.19,0
26.18,48.19,0
26.18,48.25,0
26.17,48.22,0
26.16,48.25,0
26.15,48.32,0
26.15,48.35,0
26.16,48.32,0
26.15,48.29,0
26.14,48.25,0
26.13,48.19,0
26.11,48.19,0
26.1,48.12,0
26.1,48.19,0
26.08,48.22,0
26.1,48.19,0
26.08,48.22,0
26.07,48.19,0
26.05,48.19,0
26.05,48.19,0
26.04,48.16,0
26.04,48.19,0
26.05,48.25,0
26.06,48.25,0
26.07,48.38,0
26.09,48.45,0
26.1,48.45,0
26.11,48.45,0
26.09,48.32,0
26.09,48.32,0
26.1,48.35,0
26.11,48.32,0
26.11,48.25,0
26.1,48.19,0
26.12,48.19,0
26.11,48.19,0
26.1,48.12,0
26.1,48.12,0
26.09,48.19,0
26.11,48.19,0
26.09,48.16,0
26.1,48.19,0
26.07,48.16,0
26.07,48.16,0
26.07,48.19,0
26.07,48.19,0
26.07,48.19,0
26.06,48.19,0
26.07,48.19,0
26.06,48.12,0
26.04,48.16,0
26.04,48.16,0
26.03,48.19,0
26.04,48.09,0
26.03,48.12,0
26.04,48.09,0
26.03,48.09,0
26.05,48.06,0
26.05,48.06,0
26.03,47.99,0
26.01,47.99,0
26,48.06,0
25.98,48.06,0
25.99,48.12,0
25.99,48.12,0
25.99,48.16,0
25.98,48.16,0
25.97,48.12,0
25.98,48.12,0
25.99,48.16,0
25.99,48.16,0
25.99,48.19,0
25.99,48.32,0
25.99,48.35,0
25.99,48.42,0
25.99,48.48,0
26,48.58,0
25.99,48.64,0
25.99,48.71,0
26,48.77,0
26,48.87,0
26.01,49.13,0
26.03,48.97,0
26.05,48.94,0
26.06,48.77,0
26.09,48.61,0
26.11,48.51,0
26.12,48.48,0
26.15,48.42,0
26.15,48.42,0
26.16,48.45,0
26.18,48.42,0
26.19,48.38,0
26.21,48.32,0
26.23,48.32,0
26.26,48.29,0
26.26,48.29,0
26.29,48.29,0
26.29,48.25,0
26.31,48.29,0
26.31,48.29,0
26.32,48.25,0
26.33,48.22,0
26.34,48.19,0
26.36,48.19,0
26.36,48.12,0
26.39,48.09,0
26.39,48.06,0
26.4,47.99,0
26.42,48.03,0
26.44,47.99,0
26.46,47.99,0
26.47,47.96,0
26.49,47.93,0
26.51,47.86,0
26.53,47.86,0
26.53,47.83,0
26.53,47.8,0
26.55,47.8,0
26.56,47.8,0
26.57,47.8,0
26.57,47.77,0
26.59,47.77,0
26.6,47.73,0
26.6,47.7,0
26.62,47.7,0
26.63,47.67,0
26.63,47.67,0
26.65,47.67,0
26.65,47.6,0
26.67,47.57,0
26.68,47.54,0
26.69,47.54,0
26.7,47.57,0
26.71,47.57,0
26.72,47.6,0
26.72,47.99,0
26.73,48.06,0
26.74,48.06,0
26.75,48.06,0
26.75,48.06,0
26.75,48.03,0
26.75,48.06,0
26.76,47.99,0
26.76,48.09,0
26.75,48.25,0
26.77,48.32,0
26.78,48.22,0
26.79,47.99,0
26.79,47.93,0
26.8,47.9,0
26.81,47.86,0
26.82,47.8,0
26.82,47.93,0
26.83,47.99,0
26.84,47.96,0
26.84,47.96,0
26.85,47.93,0
26.86,47.93,0
26.86,47.86,0
26.86,47.86,0
26.87,47.86,0
26.87,47.86,0
26.88,47.83,0
26.88,47.8,0
26.89,47.8,0
26.89,47.8,0
26.9,47.8,0
26.89,47.8,0
26.91,47.83,0
26.91,47.73,0
26.92,47.73,0
26.93,47.7,0
26.94,47.67,0
26.94,47.64,0
26.95,47.64,0
26.95,47.6,0
26.95,47.6,0
26.95,47.54,0
26.95,47.54,0
26.96,47.57,0
26.96,47.6,0
26.96,47.64,0
26.97,47.6,0
26.98,47.57,0
26.97,47.51,0
26.98,47.54,0
26.99,47.6,0
26.99,47.6,0
26.99,47.6,0
27,47.67,0
27,47.6,0
27.01,47.6,0
27.01,47.57,0
27.01,47.54,0
27.01,47.51,0
27.02,47.47,0
27.02,47.44,0
27.01,47.44,0
27.02,47.41,0
27.02,47.44,0
27.01,47.44,0
27.02,47.47,0
27.01,47.51,0
27.01,47.54,0
27.02,47.6,0
27.02,47.57,0
27.02,47.57,0
27.02,47.6,0
27.03,47.6,0
27.02,47.57,0
27.04,47.54,0
27.04,47.54,0
27.05,47.54,0
27.03,47.54,0
27.04,47.6,0
27.03,47.6,0
27.05,47.67,0
27.04,47.6,0
27.05,47.6,0
27.05,47.6,0
27.05,47.64,0
27.04,47.67,0
27.04,47.7,0
27.04,47.73,0
27.03,47.73,0
27.04,47.73,0
27.03,47.73,0
27.05,47.67,0
27.05,47.64,0
27.06,47.67,0
27.06,47.67,0
27.08,47.67,0
27.06,47.67,0
27.07,47.73,0
27.07,47.73,0
27.07,47.73,0
27.08,47.73,0
27.07,47.73,0
27.08,47.73,0
27.07,47.73,0
27.07,47.8,0
27.07,47.83,0
27.07,47.86,0
27.07,47.83,0
27.08,47.8,0
27.08,47.77,0
27.09,47.73,0
27.08,47.7,0
27.1,47.7,0
27.09,47.7,0
27.1,47.7,0
27.09,47.73,0
27.09,47.73,0
27.1,47.73,0
27.11,47.77,0
27.11,47.77,0
27.11,47.73,0
27.1,47.77,0
27.1,47.77,0
27.09,47.73,0
27.1,47.7,0
27.11,47.73,0
27.12,47.73,0
27.11,47.7,0
27.11,47.7,0
27.12,47.7,0
27.12,47.67,0
27.12,47.7,0
27.13,47.67,0
27.14,47.7,0
27.13,47.7,0
27.14,47.73,0
27.14,47.7,0
27.14,47.67,0
27.14,47.67,0
27.14,47.67,0
27.15,47.73,0
27.15,47.67,0
27.14,47.67,0
27.14,47.73,0
27.14,47.7,0
27.13,47.73,0
27.14,47.67,0
27.15,47.7,0
27.14,47.73,0
27.15,47.77,0
27.16,47.77,0
27.15,47.8,0
27.17,47.8,0
27.17,47.8,0
27.16,47.8,0
27.18,47.77,0
27.19,47.77,0
27.17,47.77,0
27.17,47.77,0
27.17,47.73,0
27.18,47.8,0
27.18,47.77,0
27.18,47.8,0
27.19,47.8,0
27.19,47.8,0
27.19,47.83,0
27.18,47.86,0
27.19,47.9,0
27.19,47.93,0
27.19,47.9,0
27.2,47.9,0
27.19,47.86,0
27.19,47.86,0
27.21,47.86,0
27.21,47.86,0
27.21,47.86,0
27.21,47.83,0
27.21,47.86,0
27.22,47.86,0
27.23,47.86,0
27.22,47.86,0
27.21,47.86,0
27.21,47.86,0
27.21,47.86,0
27.21,47.86,0
27.21,47.86,0
27.21,47.86,0
27.21,47.9,0
27.22,47.9,0
27.22,47.93,0
27.22,47.9,0
27.21,47.93,0
27.23,47.93,0
27.23,47.93,0
27.24,47.93,0
27.23,47.93,0
27.25,47.93,0
27.24,47.93,0
27.23,47.93,0
27.24,47.93,0
27.24,47.93,0
27.23,47.93,0
27.24,47.93,0
27.25,47.93,0
27.25,47.9,0
27.25,47.9,0
27.26,47.86,0
27.25,47.86,0
27.25,47.83,0
27.27,47.83,0
27.25,47.83,0
27.26,47.86,0
27.26,47.86,0
27.27,47.9,0
27.27,47.9,0
27.28,47.93,0
27.29,47.93,0
27.29,47.93,0
27.27,47.93,0
27.29,47.93,0
27.29,47.93,0
27.28,47.93,0
27.28,47.93,0
27.28,47.96,0
27.27,47.96,0
27.28,47.99,0
27.28,47.99,0
27.27,47.96,0
27.29,47.93,0
27.27,47.93,0
27.28,47.96,0
27.29,47.99,0
27.29,47.96,0
27.28,47.96,0
27.3,48.03,0
27.3,48.03,0
27.3,47.99,0
27.3,47.99,0
27.3,47.99,0
27.3,47.99,0
27.3,48.03,0
27.3,48.03,0
27.31,48.03,0
27.29,48.06,0
27.3,48.06,0
27.31,48.06,0
27.29,47.99,0
27.31,47.99,0
27.3,48.03,0
27.29,48.06,0
27.31,48.06,0
27.3,48.06,0
27.31,48.09,0
27.31,48.06,0
27.31,48.06,0
27.32,48.09,0
27.32,48.06,0
27.31,48.06,0
27.32,48.06,0
27.32,48.06,0
27.32,48.06,0
27.31,48.06,0
27.33,48.06,0
27.31,48.09,0
27.3,48.06,0
27.31,48.09,0
27.3,48.06,0
27.32,48.06,0
27.32,48.06,0
27.31,48.06,0
27.33,48.06,0
27.32,48.09,0
27.33,48.06,0
27.33,48.06,0
27.33,47.99,0
27.34,47.99,0
27.35,47.99,0
27.34,47.99,0
27.34,47.99,0
27.34,48.03,0
27.34,48.06,0
27.35,48.06,0
27.35,48.12,0
27.35,48.12,0
27.35,48.16,0
27.34,48.19,0
27.35,48.16,0
27.35,48.16,0
27.35,48.12,0
27.35,48.16,0
27.36,48.16,0
27.35,48.16,0
27.35,48.16,0
27.36,48.16,0
27.37,48.16,0
27.37,48.16,0
27.37,48.12,0
27.38,48.12,0
27.37,48.12,0
27.37,48.12,0
27.37,48.12,0
27.37,48.09,0
27.37,48.12,0
27.37,48.12,0
27.37,48.12,0
27.37,48.12,0
27.39,48.09,0
27.38,48.09,0
27.38,48.09,0
27.39,48.12,0
27.38,48.09,0
27.38,48.12,0
27.39,48.12,0
27.39,48.12,0
27.39,48.16,0
27.39,48.16,0
27.39,48.16,0
27.39,48.19,0
27.39,48.16,0
27.4,48.12,0
27.4,48.12,0
27.39,48.12,0
27.4,48.12,0
27.39,48.12,0
27.39,48.12,0
27.39,48.16,0
27.39,48.16,0
27.4,48.12,0
27.41,48.12,0
27.41,48.12,0
27.4,48.16,0
27.41,48.12,0
27.41,48.12,0
27.41,48.12,0
27.42,48.16,0
27.41,48.12,0
27.42,48.12,0
27.42,48.16,0
27.43,48.19,0
27.42,48.16,0
27.43,48.19,0
27.42,48.19,0
27.42,48.19,0
27.41,48.22,0
27.4,48.29,0
27.41,48.29,0
27.4,48.29,0
27.39,48.32,0
27.4,48.29,0
27.41,48.25,0
27.43,48.22,0
27.42,48.19,0
27.43,48.22,0
27.43,48.22,0
27.44,48.19,0
27.43,48.19,0
27.45,48.16,0
27.45,48.16,0
27.44,48.19,0
27.45,48.19,0
27.44,48.19,0
27.45,48.22,0
27.44,48.19,0
27.44,48.22,0
27.44,48.22,0
27.45,48.22,0
27.44,48.22,0
27.44,48.22,0
27.44,48.22,0
27.44,48.22,0
27.44,48.19,0
27.45,48.19,0
27.43,48.22,0
27.45,48.25,0
27.45,48.22,0
27.45,48.25,0
27.45,48.22,0
27.45,48.22,0
27.45,48.19,0
27.45,48.19,0
27.45,48.19,0
27.45,48.19,0
27.46,48.19,0
27.45,48.22,0
27.46,48.25,0
27.46,48.25,0
27.45,48.22,0
27.46,48.22,0
27.46,48.25,0
27.45,48.22,0
27.45,48.25,0
27.45,48.22,0
27.33,48.09,0
27.31,48.09,0
27.3,48.12,0
27.3,48.19,0
27.29,48.25,0
27.29,48.25,0
27.29,48.19,0
27.29,48.25,0
27.28,48.22,0
27.29,48.19,0
27.29,48.12,0
27.29,48.03,0
27.28,47.99,0
27.28,48.06,0
27.27,47.99,0
27.26,47.99,0
27.25,48.06,0
27.26,47.99,0
27.25,48.06,0
27.25,47.99,0
27.23,47.93,0
27.23,48.06,0
27.23,48.03,0
27.24,48.03,0
27.23,47.93,0
27.23,47.99,0
27.23,47.96,0
27.23,47.86,0
27.22,47.9,0
27.22,47.73,0
27.22,47.77,0
27.23,47.73,0
27.24,47.73,0
27.22,47.86,0
27.22,47.9,0
27.21,47.86,0
27.21,47.93,0
27.21,47.86,0
27.2,47.73,0
27.19,47.73,0
27.2,47.86,0
27.18,47.86,0
27.18,47.83,0
27.18,47.7,0
27.18,47.8,0
27.18,47.86,0
27.18,47.86,0
27.17,47.9,0
27.17,47.8,0
27.16,47.73,0
27.16,47.73,0
27.16,47.73,0
27.16,47.73,0
27.15,47.67,0
27.17,47.6,0
27.15,47.6,0
27.16,47.6,0
27.17,47.6,0
27.16,47.64,0
27.17,47.73,0
27.15,47.67,0
27.16,47.67,0
27.15,47.73,0
27.15,47.6,0
27.15,47.57,0
27.15,47.57,0
27.15,47.54,0
27.16,47.7,0
27.16,47.8,0
27.15,47.8,0
27.15,47.67,0
27.16,47.67,0
27.16,47.57,0
27.15,47.6,0
27.15,47.57,0
27.16,47.57,0
27.15,47.6,0
27.14,47.57,0
27.13,47.47,0
27.13,47.41,0
27.13,47.54,0
27.12,47.47,0
27.11,47.41,0
27.12,47.54,0
27.12,47.51,0
27.11,47.54,0
27.12,47.67,0
27.12,47.57,0
27.11,47.38,0
27.13,47.41,0
27.12,47.44,0
27.12,47.44,0
27.11,47.41,0
27.11,47.44,0
27.11,47.47,0
27.11,47.47,0
27.1,47.28,0
27.11,47.31,0
27.12,47.34,0
27.12,47.44,0
27.11,47.41,0
27.09,47.28,0
27.09,47.28,0
27.09,47.28,0
27.09,47.41,0
27.09,47.34,0
27.09,47.34,0
27.08,47.34,0
27.08,47.34,0
27.09,47.44,0
27.09,47.38,0
27.09,47.28,0
27.09,47.28,0
27.08,47.31,0
27.08,47.21,0
27.07,47.11,0
27.08,47.21,0
27.08,47.28,0
27.07,47.24,0
27.07,47.21,0
27.07,47.24,0
27.07,47.28,0
27.06,47.28,0
27.05,47.18,0
27.06,47.21,0
27.05,47.41,0
27.05,47.41,0
27.05,47.34,0
27.05,47.24,0
27.05,47.21,0
27.04,47.15,0
27.04,47.15,0
27.04,47.18,0
27.05,47.18,0
27.05,47.21,0
27.05,47.34,0
27.04,47.31,0
27.03,47.21,0
27.03,47.21,0
27.04,47.31,0
27.03,47.24,0
27.01,47.31,0
27.03,47.54,0
27.02,47.41,0
27.02,47.28,0
27.01,47.34,0
27.01,47.47,0
27.02,47.41,0
27.01,47.41,0
27.01,47.28,0
27.01,47.21,0
27.03,47.28,0
27.02,47.21,0
27.02,47.31,0
27.02,47.21,0
27.01,47.08,0
27.01,47.02,0
26.99,47.08,0
26.99,47.02,0
26.98,47.05,0
26.99,47.05,0
26.99,47.02,0
26.99,47.11,0
26.99,47.21,0
26.97,47.15,0
26.98,47.21,0
26.98,47.28,0
26.97,47.18,0
26.98,47.28,0
26.99,47.18,0
26.97,47.21,0
26.98,47.21,0
26.98,47.15,0
26.98,47.21,0
26.99,47.21,0
26.99,47.11,0
26.98,47.11,0
26.98,47.18,0
26.97,47.08,0
26.96,46.95,0
26.96,46.95,0
26.96,47.02,0
26.95,47.11,0
26.95,47.05,0
26.95,47.11,0
26.95,47.08,0
26.96,47.15,0
26.95,47.11,0
26.94,47.31,0
26.93,47.11,0
26.94,47.15,0
26.95,47.18,0
26.95,47.15,0
26.95,47.34,0
26.95,47.21,0
26.94,47.21,0
26.95,47.21,0
26.95,47.21,0
26.95,47.18,0
26.95,47.18,0
26.95,47.18,0
26.94,47.21,0
26.94,47.15,0
26.94,47.34,0
26.94,47.28,0
26.94,47.21,0
26.94,47.18,0
26.93,47.44,0
26.93,47.54,0
26.93,47.38,0
26.93,47.34,0
26.95,47.64,0
26.95,47.83,0
26.94,47.41,0
26.95,47.38,0
26.93,47.31,0
26.94,47.44,0
26.93,47.6,0
26.93,47.38,0
26.94,47.41,0
26.94,47.28,0
26.94,47.34,0
26.94,47.28,0
26.97,47.57,0
26.97,47.54,0
26.97,47.6,0
26.98,47.67,0
26.99,47.67,0
27.01,47.64,0
27.02,47.6,0
27.03,47.64,0
27.05,47.6,0
27.07,47.6,0
27.08,47.44,0
27.08,47.31,0
27.09,47.28,0
27.09,47.15,0
27.08,47.15,0
27.09,47.15,0
27.09,47.15,0
27.09,47.15,0
27.11,47.18,0
27.11,47.15,0
27.11,47.11,0
27.11,47.11,0
27.13,47.15,0
27.14,47.15,0
27.13,47.15,0
27.14,47.21,0
27.15,47.24,0
27.16,47.28,0
27.15,47.31,0
27.19,47.34,0
27.18,47.38,0
27.2,47.41,0
27.23,47.44,0
27.22,47.44,0
27.23,47.47,0
27.23,47.47,0
27.24,47.47,0
27.24,47.54,0
27.25,47.54,0
27.25,47.54,0
27.26,47.54,0
27.26,47.57,0
27.26,47.6,0
27.26,47.6,0
27.27,47.6,0
27.29,47.6,0
27.29,47.6,0
27.3,47.57,0
27.31,47.6,0
27.32,47.6,0
27.33,47.6,0
27.33,47.57,0
27.34,47.54,0
27.34,47.51,0
27.35,47.54,0
27.35,47.54,0
27.35,47.57,0
27.35,47.6,0
27.36,47.57,0
27.36,47.6,0
27.35,47.57,0
27.37,47.6,0
27.37,47.6,0
27.37,47.6,0
27.37,47.6,0
27.38,47.6,0
27.38,47.67,0
27.4,47.64,0
27.39,47.64,0
27.4,47.6,0
27.41,47.57,0
27.42,47.57,0
27.42,47.6,0
27.42,47.6,0
27.43,47.64,0
27.43,47.6,0
27.43,47.6,0
27.43,47.64,0
27.44,47.67,0
27.44,47.7,0
27.43,47.73,0
27.44,47.77,0
27.44,47.77,0
27.44,47.77,0
27.44,47.83,0
27.45,47.8,0
27.45,47.8,0
27.45,47.77,0
27.46,47.73,0
27.46,47.67,0
27.47,47.67,0
27.47,47.64,0
27.47,47.64,0
27.48,47.67,0
27.48,47.67,0
27.49,47.67,0
27.48,47.7,0
27.49,47.73,0
27.48,47.73,0
27.48,47.7,0
27.5,47.7,0
27.49,47.67,0
27.5,47.7,0
27.49,47.7,0
27.5,47.7,0
27.5,47.67,0
27.51,47.67,0
27.5,47.64,0
27.51,47.6,0
27.53,47.6,0
27.52,47.57,0
27.53,47.57,0
27.51,47.54,0
27.51,47.51,0
27.52,47.54,0
27.52,47.54,0
27.52,47.54,0
27.52,47.57,0
27.53,47.6,0
27.51,47.6,0
27.52,47.6,0
27.52,47.57,0
27.52,47.54,0
27.52,47.51,0
27.51,47.51,0
27.54,47.51,0
27.53,47.54,0
27.54,47.54,0
27.55,47.54,0
27.54,47.57,0
27.55,47.57,0
27.56,47.54,0
27.56,47.51,0
27.54,47.47,0
27.55,47.51,0
27.56,47.51,0
27.55,47.47,0
27.55,47.47,0
27.55,47.51,0
27.55,47.51,0
27.55,47.51,0
27.56,47.54,0
27.55,47.54,0
27.55,47.54,0
27.55,47.57,0
27.55,47.6,0
27.56,47.57,0
27.58,47.57,0
27.57,47.57,0
27.58,47.54,0
27.57,47.54,0
27.57,47.51,0
27.59,47.54,0
27.59,47.54,0
27.57,47.54,0
27.58,47.54,0
27.59,47.6,0
27.57,47.8,0
27.57,48.16,0
27.57,48.12,0
27.55,48.22,0
27.55,48.32,0
27.55,48.25,0
27.55,48.29,0
27.55,48.38,0
27.54,48.25,0
27.55,48.32,0
27.56,48.38,0
27.57,48.48,0
27.59,48.61,0
27.59,48.74,0
27.6,48.87,0
27.6,48.87,0
27.61,48.81,0
27.62,48.71,0
27.62,48.71,0
27.62,48.71,0
27.64,48.55,0
27.64,48.48,0
27.64,48.58,0
27.65,48.51,0
27.66,48.45,0
27.65,48.29,0
27.66,48.19,0
27.67,48.19,0
27.66,48.22,0
27.65,48.25,0
27.65,48.19,0
27.65,48.19,0
27.66,48.38,0
27.67,48.97,0
27.69,49,0
27.67,48.87,0
27.66,48.45,0
27.68,48.29,0
27.66,48.35,0
27.66,48.9,0
27.65,49.19,0
27.66,49.23,0
27.67,49.13,0
27.67,48.97,0
27.67,48.81,0
27.67,48.77,0
27.66,49.06,0
27.66,49.23,0
27.67,49.16,0
27.67,49.16,0
27.69,49.16,0
27.69,49.1,0
27.69,49.06,0
27.68,49.29,0
27.68,49.65,0
27.68,49.55,0
27.69,49.42,0
27.69,49.36,0
27.69,49.19,0
27.69,49.36,0
27.69,49.36,0
27.69,49.13,0
27.7,48.97,0
27.69,48.97,0
27.69,49.06,0
27.69,49.39,0
27.68,49.55,0
27.68,49.52,0
27.68,49.16,0
27.7,49,0
27.68,48.77,0
27.69,48.58,0
27.69,48.48,0
27.71,48.38,0
27.7,48.38,0
27.71,48.42,0
27.71,48.38,0
27.71,48.45,0
27.71,48.45,0
27.7,48.45,0
27.69,48.45,0
27.72,48.45,0
27.71,48.45,0
27.71,48.48,0
27.71,48.45,0
27.71,48.42,0
27.71,48.42,0
27.71,48.42,0
27.72,48.42,0
27.71,48.64,0
27.73,48.77,0
27.71,48.61,0
27.73,48.51,0
27.72,48.51,0
27.73,48.51,0
27.73,48.58,0
27.73,48.55,0
27.74,48.48,0
27.73,48.51,0
27.74,48.55,0
27.73,48.55,0
27.73,48.55,0
27.74,48.55,0
27.74,48.58,0
27.73,48.55,0
27.73,48.55,0
27.72,48.55,0
27.72,48.51,0
27.73,48.48,0
27.72,48.51,0
27.71,48.58,0
27.72,48.51,0
27.73,48.45,0
27.73,48.38,0
27.73,48.35,0
27.74,48.32,0
27.75,48.32,0
27.75,48.32,0
27.74,48.32,0
27.75,48.32,0
27.75,48.35,0
27.74,48.35,0
27.74,48.42,0
27.76,48.48,0
27.75,48.64,0
27.75,48.58,0
27.75,48.48,0
27.74,48.48,0
27.75,48.45,0
27.75,48.48,0
27.76,48.48,0
27.75,48.51,0
27.75,48.48,0
27.75,48.48,0
27.75,48.51,0
27.75,48.55,0
27.75,48.58,0
27.75,48.55,0
27.75,48.51,0
27.75,48.48,0
27.76,48.51,0
27.75,48.48,0
27.76,48.51,0
27.76,48.51,0
27.75,48.58,0
27.75,48.55,0
27.75,48.55,0
27.76,48.51,0
27.75,48.55,0
27.76,48.55,0
27.77,48.51,0
27.77,48.55,0
27.77,48.51,0
27.77,48.51,0
27.79,48.51,0
27.78,48.55,0
27.79,48.58,0
27.79,48.58,0
27.78,48.61,0
27.8,48.64,0
27.79,48.64,0
27.79,48.64,0
27.78,48.68,0
27.78,48.68,0
27.78,48.71,0
27.77,48.71,0
27.79,48.68,0
27.79,48.68,0
27.79,48.64,0
27.79,48.61,0
27.79,48.64,0
27.78,48.68,0
27.78,48.77,0
27.79,48.77,0
27.79,48.71,0
27.79,48.68,0
27.8,48.64,0
27.8,48.58,0
27.79,48.58,0
27.79,48.51,0
27.81,48.51,0
27.79,48.48,0
27.79,48.51,0
27.8,48.55,0
27.79,48.55,0
27.79,48.61,0
27.79,48.61,0
27.8,48.64,0
27.81,48.64,0
27.81,48.71,0
27.81,48.77,0
27.83,48.77,0
27.83,48.71,0
27.83,48.74,0
27.82,48.81,0
27.82,48.74,0
27.83,48.74,0
27.83,48.71,0
27.82,48.71,0
27.82,48.68,0
27.82,48.68,0
27.83,48.64,0
27.81,48.58,0
27.81,48.58,0
27.83,48.58,0
27.83,48.55,0
27.82,48.55,0
27.82,48.58,0
27.83,48.58,0
27.81,48.58,0
27.82,48.58,0
27.82,48.58,0
27.83,48.55,0
27.83,48.55,0
27.83,48.55,0
27.84,48.58,0
27.84,48.58,0
27.85,48.58,0
27.84,48.58,0
27.85,48.58,0
27.84,48.58,0
27.84,48.55,0
27.83,48.55,0
27.84,48.51,0
27.83,48.51,0
27.85,48.55,0
27.85,48.51,0
27.84,48.58,0
27.84,48.61,0
27.85,48.61,0
27.84,48.61,0
27.85,48.58,0
27.86,48.61,0
27.85,48.61,0
27.85,48.61,0
27.85,48.64,0
27.86,48.68,0
27.86,48.71,0
27.87,48.71,0
27.85,48.71,0
27.86,48.71,0
27.85,48.71,0
27.86,48.71,0
27.84,48.71,0
27.84,48.71,0
27.84,48.68,0
27.84,48.68,0
27.86,48.64,0
27.84,48.64,0
27.86,48.64,0
27.86,48.64,0
27.86,48.64,0
27.86,48.64,0
27.86,48.64,0
27.87,48.64,0
27.87,48.64,0
27.87,48.64,0
27.87,48.64,0
27.86,48.71,0
27.86,48.84,0
27.85,48.9,0
27.88,48.97,0
27.86,48.97,0
27.87,48.94,0
27.87,49.03,0
27.87,48.97,0
27.87,48.94,0
27.88,48.9,0
27.89,48.9,0
27.89,48.94,0
27.88,48.9,0
27.89,48.9,0
27.89,48.9,0
27.91,48.9,0
27.89,48.9,0
27.89,48.94,0
27.89,48.9,0
27.89,48.97,0
27.9,48.97,0
27.91,49,0
27.89,49,0
27.89,49.03,0
27.88,49.03,0
27.88,49.1,0
27.88,49.13,0
27.87,49.16,0
27.89,49.16,0
27.88,49.16,0
27.88,49.13,0
27.89,49.13,0
27.9,49.13,0
27.91,49.1,0
27.91,49.06,0
27.91,49.06,0
27.92,49.03,0
27.92,49.03,0
27.92,49.03,0
27.92,49.03,0
27.93,49.03,0
27.92,49.06,0
27.92,49.06,0
27.91,49.06,0
27.92,49.06,0
27.91,49.1,0
27.92,49.1,0
27.91,49.1,0
27.92,49.1,0
27.92,49.1,0
27.91,49.06,0
27.92,49.03,0
27.92,49.03,0
27.93,49,0
27.95,49.03,0
27.94,49.03,0
27.94,49.03,0
27.95,49.06,0
27.95,49.03,0
27.94,49.03,0
27.94,49.03,0
27.93,49.03,0
27.94,49.03,0
27.94,49.03,0
27.94,49,0
27.94,48.97,0
27.94,49.03,0
27.95,49.1,0
27.94,49.1,0
27.94,49.03,0
27.94,49.03,0
27.94,48.97,0
27.93,49.1,0
27.94,49.13,0
27.93,49.03,0
27.93,49,0
27.92,48.9,0
27.91,48.9,0
27.89,48.94,0
27.89,49.1,0
27.87,49.23,0
27.86,49.29,0
27.84,49.36,0
27.83,49.29,0
27.82,49.16,0
27.81,49.06,0
27.79,48.94,0
27.78,48.84,0
27.77,48.94,0
27.75,48.94,0
27.75,48.9,0
27.74,48.97,0
27.52,48.45,0
27.52,48.51,0
27.53,48.51,0
27.53,48.38,0
27.53,48.35,0
27.52,48.29,0
27.51,48.32,0
27.5,48.32,0
27.47,48.29,0
27.47,48.32,0
27.48,48.38,0
27.47,48.48,0
27.45,48.42,0
27.47,48.38,0
27.46,48.45,0
27.46,48.38,0
27.45,48.42,0
27.44,48.38,0
27.46,48.38,0
27.44,48.42,0
27.45,48.38,0
27.46,48.48,0
27.45,48.61,0
27.45,48.48,0
27.45,48.38,0
27.46,48.35,0
27.43,48.25,0
27.44,48.25,0
27.44,48.19,0
27.44,48.25,0
27.44,48.19,0
27.44,48.09,0
27.43,48.16,0
27.43,48.12,0
27.43,47.99,0
27.41,48.03,0
27.4,48.03,0
27.41,47.99,0
27.4,48.06,0
27.43,48.06,0
27.41,47.99,0
27.41,47.99,0
27.41,48.09,0
27.41,48.12,0
27.42,48.22,0
27.43,48.16,0
27.41,47.96,0
27.39,47.93,0
27.4,48.06,0
27.4,48.06,0
27.38,47.99,0
27.38,47.93,0
27.38,47.99,0
27.38,48.03,0
27.37,47.93,0
27.37,47.96,0
27.39,47.93,0
27.38,47.93,0
27.38,47.93,0
27.37,47.83,0
27.39,47.83,0
27.38,47.83,0
27.38,47.83,0
27.37,47.83,0
27.37,47.8,0
27.37,47.8,0
27.37,47.8,0
27.35,47.8,0
27.35,47.8,0
27.36,47.8,0
27.36,47.8,0
27.34,47.67,0
27.34,47.67,0
27.34,47.6,0
27.35,47.73,0
27.35,47.86,0
27.35,47.73,0
27.34,47.67,0
27.33,47.7,0
27.33,47.86,0
27.33,47.86,0
27.33,47.93,0
27.32,47.86,0
27.33,47.73,0
27.32,47.67,0
27.33,47.67,0
27.31,47.57,0
27.32,47.6,0
27.31,47.67,0
27.31,47.57,0
27.29,47.6,0
27.29,47.73,0
27.29,47.67,0
27.29,47.67,0
27.29,47.67,0
27.28,47.67,0
27.29,47.73,0
27.28,47.86,0
27.29,47.93,0
27.3,47.9,0
27.29,47.77,0
27.29,47.9,0
27.29,47.9,0
27.29,47.93,0
27.29,47.86,0
27.29,47.86,0
27.27,47.86,0
27.29,47.86,0
27.28,47.8,0
27.29,47.73,0
27.28,47.73,0
27.29,47.73,0
27.29,47.67,0
27.28,47.64,0
27.27,47.6,0
27.28,47.57,0
27.27,47.54,0
27.28,47.54,0
27.26,47.64,0
27.27,47.64,0
27.28,47.67,0
27.27,47.73,0
27.29,47.8,0
27.28,47.8,0
27.28,47.7,0
27.27,47.6,0
27.27,47.6,0
27.26,47.6,0
27.26,47.6,0
27.25,47.47,0
27.25,47.47,0
27.24,47.54,0
27.24,47.51,0
27.23,47.47,0
27.23,47.41,0
27.24,47.51,0
27.24,47.64,0
27.24,47.8,0
27.23,47.93,0
27.24,48.09,0
27.24,48.25,0
27.24,48.29,0
27.24,48.29,0
27.24,48.16,0
27.27,48.09,0
27.27,48.19,0
27.27,48.25,0
27.29,48.12,0
27.3,48.06,0
27.29,47.93,0
27.28,47.6,0
27.29,47.28,0
27.29,47.18,0
27.29,47.15,0
27.31,47.15,0
27.31,47.21,0
27.33,47.28,0
27.33,47.31,0
27.34,47.28,0
27.35,47.34,0
27.38,47.41,0
27.37,47.41,0
27.37,47.47,0
27.38,47.51,0
27.39,47.54,0
27.4,47.6,0
27.41,47.64,0
27.41,47.64,0
27.41,47.67,0
27.41,47.7,0
27.42,47.67,0
27.4,47.6,0
27.43,47.6,0
27.43,47.67,0
27.43,47.6,0
27.43,47.6,0
27.44,47.57,0
27.44,47.6,0
27.45,47.6,0
27.45,47.6,0
27.46,47.6,0
27.47,47.6,0
27.48,47.54,0
27.49,47.54,0
27.48,47.54,0
27.51,47.6,0
27.51,47.67,0
27.53,47.7,0
27.53,47.73,0
27.53,47.8,0
27.54,47.8,0
27.54,47.77,0
27.54,47.8,0
27.55,47.8,0
27.57,47.8,0
27.57,47.8,0
27.57,47.8,0
27.58,47.73,0
27.58,47.77,0
27.59,47.77,0
27.59,47.8,0
27.6,47.83,0
27.61,47.86,0
27.62,47.9,0
27.63,47.9,0
27.63,47.9,0
27.63,47.9,0
27.63,47.9,0
27.63,47.86,0
27.64,47.83,0
27.65,47.86,0
27.64,47.86,0
27.65,47.96,0
27.65,47.99,0
27.65,48.06,0
27.66,48.06,0
27.65,48.06,0
27.66,48.06,0
27.66,48.06,0
27.67,48.03,0
27.69,47.99,0
27.69,47.96,0
27.69,47.99,0
27.7,47.96,0
27.7,47.99,0
27.72,48.03,0
27.7,48.03,0
27.71,47.99,0
27.72,48.03,0
27.71,48.06,0
27.71,48.12,0
27.71,48.19,0
27.72,48.25,0
27.71,48.35,0
27.72,48.45,0
27.71,48.48,0
27.71,48.51,0
27.73,48.55,0
27.72,48.58,0
27.72,48.58,0
27.72,48.61,0
27.73,48.61,0
27.75,48.58,0
27.74,48.61,0
27.74,48.61,0
27.75,48.61,0
27.76,48.64,0
27.75,48.68,0
27.75,48.64,0
27.76,48.68,0
27.74,48.68,0
27.74,48.68,0
27.74,48.71,0
27.75,48.71,0
27.75,48.74,0
27.74,48.71,0
27.76,48.71,0
27.75,48.71,0
27.75,48.74,0
27.77,48.74,0
27.75,48.74,0
27.77,48.71,0
27.77,48.68,0
27.78,48.68,0
27.79,48.68,0
27.77,48.68,0
27.77,48.64,0
27.77,48.68,0
27.77,48.68,0
27.77,48.71,0
27.77,48.68,0
27.77,48.71,0
27.77,48.74,0
27.78,48.77,0
27.77,48.77,0
27.79,48.84,0
27.77,48.87,0
27.79,48.87,0
27.78,48.9,0
27.79,48.87,0
27.79,48.9,0
27.79,48.9,0
27.79,48.9,0
27.8,48.97,0
27.81,48.97,0
27.8,48.97,0
27.81,48.94,0
27.82,48.97,0
27.81,48.97,0
27.81,48.97,0
27.81,49,0
27.81,49.03,0
27.8,49.1,0
27.79,49.48,0
27.79,49.61,0
27.79,49.55,0
27.77,49.45,0
27.79,49.16,0
27.78,49.03,0
27.79,49,0
27.8,48.9,0
27.81,48.58,0
27.8,48.38,0
27.8,48.19,0
27.79,48.22,0
27.78,48.32,0
27.77,48.25,0
27.78,48.19,0
27.77,48.12,0
27.76,48.03,0
27.74,47.99,0
27.75,48.12,0
27.74,48.19,0
27.75,48.19,0
27.72,48.12,0
27.72,48.06,0
27.71,47.93,0
27.72,47.86,0
27.69,47.8,0
27.69,47.73,0
27.69,47.77,0
27.68,47.73,0
27.69,47.7,0
27.68,47.7,0
27.68,47.67,0
27.69,47.67,0
27.69,47.64,0
27.67,47.6,0
27.67,47.57,0
27.67,47.57,0
27.63,47.54,0
27.62,47.57,0
27.59,47.67,0
27.56,47.64,0
27.55,47.57,0
27.55,47.73,0
27.55,47.83,0
27.55,47.99,0
27.56,47.99,0
27.55,47.93,0
27.55,47.9,0
27.54,47.86,0
27.54,47.93,0
27.55,47.93,0
27.52,47.9,0
27.53,47.83,0
27.51,47.86,0
27.53,47.93,0
27.49,47.6,0
27.47,47.44,0
27.45,47.34,0
27.45,47.6,0
27.45,47.73,0
27.45,47.67,0
27.45,47.67,0
27.44,47.67,0
27.43,47.64,0
27.43,47.64,0
27.43,47.6,0
27.42,47.57,0
27.41,47.54,0
27.39,47.47,0
27.39,47.47,0
27.4,47.47,0
27.41,47.51,0
27.38,47.41,0
27.37,47.34,0
27.35,47.21,0
27.34,47.28,0
27.33,47.31,0
27.33,47.31,0
27.31,47.24,0
27.32,47.28,0
27.31,47.28,0
27.31,47.21,0
27.28,47.21,0
27.29,47.21,0
27.27,47.15,0
27.26,47.11,0
27.27,47.05,0
27.24,47.08,0
27.25,47.08,0
27.24,47.08,0
27.22,47.02,0
27.21,46.92,0
27.21,46.89,0
27.2,46.98,0
27.19,47.08,0
27.18,47.08,0
27.17,47.08,0
27.17,47.15,0
27.15,47.11,0
27.14,47.08,0
27.14,47.08,0
27.13,47.08,0
27.12,47.05,0
27.13,47.02,0
27.1,46.95,0
27.1,46.98,0
27.09,47.02,0
27.09,47.02,0
27.09,47.02,0
27.07,47.02,0
27.05,47.02,0
27.04,46.95,0
27.03,46.95,0
27.04,47.02,0
27.03,47.02,0
27.03,47.02,0
27.03,47.02,0
27.03,46.95,0
27.02,46.95,0
27.02,46.95,0
27.01,46.92,0
27,46.92,0
26.99,46.92,0
26.99,46.95,0
26.99,46.95,0
26.99,46.95,0
26.99,46.95,0
26.99,46.89,0
26.97,46.82,0
26.93,46.82,0
26.93,46.82,0
26.92,46.82,0
26.92,46.85,0
26.92,46.85,0
26.91,46.85,0
26.89,46.85,0
26.89,46.82,0
26.87,46.79,0
26.87,46.79,0
26.85,46.82,0
26.85,46.89,0
26.83,46.89,0
26.84,46.89,0
26.83,46.95,0
26.81,46.89,0
26.81,46.92,0
26.83,46.89,0
26.82,46.89,0
26.83,46.85,0
26.81,46.82,0
26.8,46.82,0
26.79,46.82,0
26.77,46.82,0
26.79,46.82,0
26.79,46.85,0
26.81,46.82,0
26.8,46.82,0
26.79,46.82,0
26.79,46.82,0
26.78,46.79,0
26.77,46.82,0
26.76,46.79,0
26.75,46.82,0
26.75,46.82,0
26.74,46.82,0
26.73,46.82,0
26.72,46.82,0
26.72,46.82,0
26.73,46.85,0
26.72,46.85,0
26.72,46.82,0
26.73,46.79,0
26.73,46.79,0
26.73,46.79,0
26.71,46.75,0
26.7,46.75,0
26.69,46.75,0
26.68,46.79,0
26.67,46.75,0
26.67,46.75,0
26.67,46.75,0
26.66,46.75,0
26.65,46.75,0
26.63,46.75,0
26.64,46.82,0
26.65,46.82,0
26.63,46.82,0
26.64,46.82,0
26.63,46.82,0
26.63,46.79,0
26.63,46.79,0
26.63,46.75,0
26.63,46.75,0
26.63,46.75,0
26.62,46.72,0
26.61,46.75,0
26.6,46.72,0
26.59,46.75,0
26.61,46.75,0
26.59,46.79,0
26.58,46.75,0
26.57,46.75,0
26.58,46.75,0
26.58,46.75,0
26.57,46.72,0
26.58,46.72,0
26.58,46.69,0
26.57,46.75,0
26.55,46.75,0
26.56,46.72,0
26.58,46.72,0
26.58,46.75,0
26.57,46.75,0
26.57,46.75,0
26.58,46.75,0
26.57,46.75,0
26.58,46.75,0
26.56,46.82,0
26.56,46.85,0
26.59,46.89,0
26.61,47.08,0
26.61,47.21,0
26.63,47.28,0
26.62,47.11,0
26.63,46.95,0
26.63,46.95,0
26.63,46.92,0
26.64,46.89,0
26.65,46.89,0
26.66,46.85,0
26.66,46.85,0
26.65,46.82,0
26.66,46.82,0
26.68,46.82,0
26.67,46.82,0
26.67,46.82,0
26.67,46.85,0
26.68,46.92,0
26.68,46.92,0
26.68,46.89,0
26.7,46.89,0
26.72,46.85,0
26.73,46.85,0
26.75,46.82,0
26.76,46.85,0
26.76,46.85,0
26.78,46.89,0
26.79,46.89,0
26.8,46.89,0
26.82,46.85,0
26.85,46.79,0
26.85,46.72,0
26.86,46.69,0
26.86,46.62,0
26.86,46.49,0
26.87,46.49,0
26.88,46.49,0
26.89,46.49,0
26.89,46.49,0
26.9,46.46,0
26.9,46.46,0
26.89,46.49,0
26.9,46.52,0
26.9,46.52,0
26.9,46.56,0
26.91,46.49,0
26.92,46.56,0
26.95,46.62,0
26.95,46.66,0
26.93,46.69,0
26.94,46.69,0
26.93,46.69,0
26.92,46.66,0
26.91,46.89,0
26.9,47.02,0
26.89,46.95,0
26.91,46.95,0
26.91,46.95,0
26.91,46.89,0
26.92,46.82,0
26.92,46.82,0
26.92,46.82,0
26.91,46.89,0
26.91,46.92,0
26.91,46.95,0
26.91,46.95,0
26.89,47.02,0
26.89,47.05,0
26.89,47.02,0
26.89,47.02,0
26.89,47.08,0
26.9,47.08,0
26.91,47.05,0
26.91,47.08,0
26.9,47.02,0
26.89,47.02,0
26.89,47.02,0
26.87,47.02,0
26.87,46.98,0
26.86,46.98,0
26.85,46.98,0
26.85,46.95,0
26.83,46.92,0
26.81,46.89,0
26.83,46.89,0
26.81,46.92,0
26.81,47.02,0
26.79,46.98,0
26.79,46.98,0
26.79,47.02,0
26.77,46.92,0
26.77,46.98,0
26.77,47.02,0
26.76,46.98,0
26.76,47.02,0
26.75,47.08,0
26.74,47.08,0
26.72,47.02,0
26.71,46.95,0
26.71,46.95,0
26.71,46.98,0
26.7,46.98,0
26.71,47.02,0
26.69,47.02,0
26.69,46.95,0
26.68,46.95,0
26.68,46.95,0
26.67,46.95,0
26.69,46.98,0
26.67,46.92,0
26.68,46.92,0
26.66,46.89,0
26.66,46.95,0
26.65,46.92,0
26.63,46.92,0
26.63,46.92,0
26.61,46.95,0
26.6,46.95,0
26.6,47.02,0
26.59,46.98,0
26.59,46.98,0
26.58,47.02,0
26.59,47.02,0
26.57,46.98,0
26.57,46.98,0
26.56,47.02,0
26.55,46.98,0
26.56,47.02,0
26.56,46.98,0
26.57,46.95,0
26.57,46.92,0
26.57,46.92,0
26.56,46.92,0
26.55,46.85,0
26.57,46.85,0
26.56,46.85,0
26.56,46.82,0
26.52,46.85,0
26.51,46.85,0
26.49,46.82,0
26.48,46.82,0
26.47,46.82,0
26.45,46.89,0
26.45,46.92,0
26.46,46.95,0
26.45,46.95,0
26.45,46.95,0
26.42,46.92,0
26.43,46.95,0
26.43,46.95,0
26.43,46.95,0
26.45,46.95,0
26.45,46.89,0
26.45,46.89,0
26.44,46.89,0
26.44,46.89,0
26.42,46.85,0
26.42,46.85,0
26.4,46.89,0
26.4,46.85,0
26.41,46.89,0
26.41,46.89,0
26.41,46.89,0
26.39,46.85,0
26.39,46.85,0
26.38,46.85,0
26.38,46.89,0
26.36,46.85,0
26.36,46.82,0
26.37,46.82,0
26.37,46.82,0
26.35,46.82,0
26.36,46.82,0
26.37,46.82,0
26.37,46.82,0
26.37,46.82,0
26.37,46.79,0
26.34,46.82,0
26.34,46.85,0
26.34,46.89,0
26.33,46.92,0
26.33,46.95,0
26.33,46.95,0
26.34,46.95,0
26.35,47.21,0
26.36,47.44,0
26.37,47.47,0
26.38,47.41,0
26.38,47.24,0
26.37,47.11,0
26.36,47.11,0
26.36,47.11,0
26.37,47.08,0
26.36,47.08,0
26.38,47.11,0
26.37,47.08,0
26.38,47.02,0
26.39,47.02,0
26.39,47.02,0
26.39,47.02,0
26.39,47.02,0
26.4,46.98,0
26.4,46.95,0
26.41,46.95,0
26.43,46.92,0
26.43,46.95,0
26.45,46.92,0
26.45,46.95,0
26.47,46.98,0
26.47,47.02,0
26.5,46.92,0
26.5,46.92,0
26.51,46.95,0
26.53,46.95,0
26.54,46.95,0
26.55,46.95,0
26.57,46.89,0
26.57,46.82,0
26.56,46.82,0
26.58,46.82,0
26.6,46.79,0
26.61,46.82,0
26.61,46.82,0
26.62,46.79,0
26.63,46.75,0
26.63,46.69,0
26.63,46.72,0
26.64,46.72,0
26.66,46.75,0
26.67,46.75,0
26.69,46.72,0
26.67,46.69,0
26.69,46.62,0
26.69,46.62,0
26.7,46.62,0
26.71,46.62,0
26.71,46.62,0
26.71,46.66,0
26.73,46.66,0
26.73,46.69,0
26.73,46.69,0
26.72,46.69,0
26.73,46.69,0
26.74,46.69,0
26.75,46.66,0
26.76,46.62,0
26.75,46.62,0
26.76,46.62,0
26.77,46.62,0
26.79,46.59,0
26.79,46.56,0
26.79,46.56,0
26.8,46.49,0
26.81,46.49,0
26.81,46.46,0
26.81,46.49,0
26.82,46.49,0
26.82,46.49,0
26.82,46.52,0
26.83,46.56,0
26.83,46.62,0
26.83,46.62,0
26.85,46.56,0
26.84,46.56,0
26.86,46.56,0
26.86,46.56,0
26.85,46.59,0
26.87,46.59,0
26.86,46.62,0
26.87,46.66,0
26.86,46.66,0
26.88,46.62,0
26.89,46.56,0
26.89,46.56,0
26.89,46.56,0
26.91,46.56,0
26.91,46.56,0
26.9,46.56,0
26.9,46.59,0
26.91,46.56,0
26.93,46.56,0
26.92,46.56,0
26.92,46.56,0
26.91,46.56,0
26.93,46.56,0
26.91,46.52,0
26.92,46.56,0
26.94,46.56,0
26.94,46.56,0
26.94,46.56,0
26.95,46.52,0
26.95,46.52,0
26.95,46.49,0
26.95,46.49,0
26.96,46.49,0
26.96,46.56,0
26.95,46.56,0
26.95,46.56,0
26.95,46.56,0
26.95,46.59,0
26.97,46.59,0
26.96,46.59,0
26.97,46.56,0
26.96,46.56,0
26.97,46.59,0
26.97,46.62,0
26.97,46.62,0
26.98,46.62,0
26.99,46.62,0
26.99,46.59,0
26.99,46.62,0
26.99,46.59,0
27,46.56,0
27,46.56,0
27.01,46.56,0
26.99,46.62,0
27.01,46.59,0
27.01,46.59,0
27.01,46.59,0
27.01,46.59,0
27.01,46.59,0
27,46.56,0
27,46.59,0
27.01,46.59,0
27.02,46.62,0
27.01,46.69,0
27.01,46.72,0
27.03,46.75,0
27.03,46.79,0
27.04,46.82,0
27.03,46.82,0
27.03,46.82,0
27.04,46.82,0
27.05,46.79,0
27.04,46.75,0
27.04,46.72,0
27.06,46.72,0
27.05,46.72,0
27.04,46.75,0
27.04,46.75,0
27.04,46.79,0
27.05,46.75,0
27.05,46.75,0
27.05,46.75,0
27.06,46.75,0
27.05,46.75,0
27.03,46.79,0
27.05,46.82,0
27.06,46.82,0
27.05,46.82,0
27.06,46.79,0
27.06,46.79,0
27.06,46.79,0
27.07,46.75,0
27.09,46.75,0
27.07,46.75,0
27.07,46.79,0
27.07,46.79,0
27.08,46.82,0
27.08,46.82,0
27.07,46.82,0
27.07,46.85,0
27.07,46.89,0
27.07,46.89,0
27.06,46.89,0
27.07,46.89,0
27.07,46.85,0
27.09,46.82,0
27.08,46.82,0
27.08,46.82,0
27.08,46.79,0
27.08,46.75,0
27.1,46.75,0
27.09,46.75,0
27.1,46.75,0
27.08,46.75,0
27.09,46.75,0
27.09,46.75,0
27.09,46.75,0
27.09,46.75,0
27.1,46.75,0
27.09,46.75,0
27.09,46.75,0
27.1,46.75,0
27.09,46.75,0
27.1,46.75,0
27.1,46.75,0
27.11,46.75,0
27.1,46.75,0
27.12,46.72,0
27.11,46.75,0
27.11,46.75,0
27.11,46.72,0
27.12,46.72,0
27.12,46.72,0
27.11,46.72,0
27.11,46.72,0
27.11,46.69,0
27.12,46.69,0
27.11,46.69,0
27.11,46.72,0
27.11,46.69,0
27.11,46.69,0
27.11,46.72,0
27.11,46.72,0
27.12,46.72,0
27.11,46.75,0
27.13,46.75,0
27.11,46.75,0
27.13,46.75,0
27.13,46.75,0
27.12,46.75,0
27.13,46.75,0
27.14,46.72,0
27.13,46.72,0
27.13,46.75,0
27.12,46.75,0
27.13,46.75,0
27.12,46.72,0
27.14,46.72,0
27.14,46.72,0
27.14,46.72,0
27.13,46.72,0
27.15,46.72,0
27.15,46.69,0
27.13,46.69,0
27.15,46.75,0
27.15,46.75,0
27.16,46.75,0
27.15,46.72,0
27.17,46.72,0
27.15,46.75,0
27.15,46.72,0
27.15,46.72,0
27.15,46.72,0
27.15,46.75,0
27.15,46.75,0
27.15,46.75,0
27.14,46.75,0
27.15,46.75,0
27.15,46.75,0
27.15,46.75,0
27.15,46.75,0
27.13,46.72,0
27.14,46.75,0
27.14,46.72,0
27.15,46.75,0
27.14,46.72,0
27.16,46.75,0
27.16,46.72,0
27.16,46.72,0
27.17,46.72,0
27.16,46.75,0
27.17,46.75,0
27.16,46.75,0
27.16,46.72,0
27.16,46.72,0
27.15,46.75,0
27.15,46.75,0
27.15,46.75,0
27.15,46.79,0
27.16,46.75,0
27.15,46.75,0
27.15,46.75,0
27.15,46.75,0
27.14,46.75,0
27.15,46.72,0
27.15,46.75,0
27.16,46.75,0
27.16,46.75,0
27.17,46.75,0
27.16,46.75,0
27.18,46.79,0
27.17,46.79,0
27.16,46.79,0
27.16,46.75,0
27.17,46.75,0
27.16,46.79,0
27.17,46.75,0
27.17,46.79,0
27.16,46.79,0
27.16,46.79,0
27.16,46.79,0
27.16,46.82,0
27.16,46.82,0
27.17,46.79,0
27.16,46.82,0
27.17,46.82,0
27.17,46.82,0
27.18,46.79,0
27.17,46.79,0
27.18,46.79,0
27.18,46.79,0
27.18,46.82,0
27.18,46.79,0
27.18,46.82,0
27.18,46.82,0
27.18,46.79,0
27.18,46.82,0
27.17,46.82,0
27.18,46.82,0
27.19,46.82,0
27.18,46.82,0
27.17,46.82,0
27.18,46.82,0
27.17,46.82,0
27.2,46.85,0
27.19,46.82,0
27.18,46.82,0
27.19,46.79,0
27.2,46.75,0
27.2,46.69,0
27.17,46.75,0
27.17,46.82,0
27.17,46.89,0
27.16,46.92,0
27.15,46.95,0
27.16,46.92,0
27.15,46.98,0
27.13,47.02,0
27.14,47.05,0
27.15,47.05,0
27.15,47.05,0
27.16,47.02,0
27.16,47.08,0
27.18,47.15,0
27.19,47.15,0
27.2,47.21,0
27.19,47.21,0
27.21,47.18,0
27.2,47.11,0
27.2,47.15,0
27.2,47.15,0
27.21,47.15,0
27.19,47.15,0
27.2,47.15,0
27.19,47.15,0
27.19,47.18,0
27.2,47.18,0
27.2,47.18,0
27.21,47.15,0
27.2,47.15,0
27.21,47.15,0
27.21,47.15,0
27.2,47.08,0
27.21,47.02,0
27.22,46.98,0
27.22,46.95,0
27.21,46.98,0
27.21,47.11,0
27.22,47.15,0
27.23,47.21,0
27.21,47.21,0
27.23,47.28,0
27.23,47.28,0
27.24,47.28,0
27.22,47.28,0
27.23,47.31,0
27.23,47.31,0
27.23,47.31,0
27.23,47.34,0
27.23,47.31,0
27.23,47.28,0
27.23,47.28,0
27.23,47.28,0
27.23,47.28,0
27.23,47.28,0
27.24,47.31,0
27.24,47.34,0
27.23,47.38,0
27.23,47.44,0
27.23,47.47,0
27.24,47.44,0
27.24,47.44,0
27.23,47.47,0
27.23,47.51,0
27.22,47.51,0
27.24,47.54,0
27.24,47.54,0
27.23,47.54,0
27.21,47.6,0
27.23,47.67,0
27.22,47.67,0
27.22,47.67,0
27.23,47.64,0
27.23,47.6,0
27.23,47.57,0
27.23,47.51,0
27.23,47.47,0
27.23,47.44,0
27.24,47.44,0
27.24,47.47,0
27.24,47.47,0
27.23,47.47,0
27.24,47.47,0
27.24,47.47,0
27.23,47.47,0
27.24,47.47,0
27.24,47.47,0
27.24,47.47,0
27.24,47.47,0
27.23,47.51,0
27.23,47.54,0
27.23,47.54,0
27.24,47.54,0
27.23,47.51,0
27.25,47.51,0
27.25,47.51,0
27.24,47.51,0
27.23,47.51,0
27.24,47.54,0
27.25,47.51,0
27.24,47.47,0
27.25,47.47,0
27.25,47.41,0
27.25,47.38,0
27.25,47.41,0
27.24,47.47,0
27.25,47.51,0
27.24,47.54,0
27.24,47.57,0
27.23,47.57,0
27.23,47.57,0
27.23,47.57,0
27.23,47.54,0
27.23,47.54,0
27.24,47.54,0
27.25,47.54,0
27.26,47.54,0
27.24,47.54,0
27.25,47.51,0
27.25,47.51,0
27.25,47.51,0
27.25,47.47,0
27.26,47.51,0
27.25,47.51,0
27.25,47.47,0
27.25,47.47,0
27.27,47.51,0
27.25,47.51,0
27.25,47.51,0
27.25,47.51,0
27.25,47.54,0
27.26,47.51,0
27.25,47.51,0
27.26,47.51,0
27.26,47.51,0
27.26,47.54,0
27.26,47.47,0
27.27,47.51,0
27.27,47.51,0
27.27,47.47,0
27.26,47.47,0
27.27,47.47,0
27.27,47.44,0
27.28,47.47,0
27.28,47.47,0
27.27,47.51,0
27.27,47.54,0
27.27,47.51,0
27.28,47.54,0
27.28,47.54,0
27.27,47.54,0
27.27,47.51,0
27.28,47.51,0
27.27,47.51,0
27.27,47.54,0
27.28,47.51,0
27.28,47.54,0
27.29,47.51,0
27.29,47.51,0
27.29,47.51,0
27.28,47.54,0
27.28,47.54,0
27.28,47.54,0
27.29,47.54,0
27.3,47.54,0
27.29,47.51,0
27.29,47.47,0
27.28,47.47,0
27.29,47.47,0
27.29,47.51,0
27.3,47.54,0
27.29,47.54,0
27.27,47.54,0
27.29,47.54,0
27.28,47.54,0
27.29,47.54,0
27.29,47.51,0
27.29,47.54,0
27.28,47.54,0
27.29,47.54,0
27.29,47.51,0
27.3,47.47,0
27.28,47.47,0
27.3,47.51,0
27.29,47.54,0
27.29,47.54,0
27.27,47.54,0
27.28,47.57,0
27.29,47.57,0
27.3,47.6,0
27.28,47.6,0
27.29,47.6,0
27.28,47.57,0
27.3,47.57,0
27.29,47.57,0
27.29,47.54,0
27.29,47.57,0
27.29,47.57,0
27.29,47.6,0
27.3,47.57,0
27.3,47.57,0
27.31,47.57,0
27.3,47.6,0
27.29,47.6,0
27.3,47.6,0
27.3,47.6,0
27.3,47.6,0
27.29,47.6,0
27.29,47.6,0
27.3,47.67,0
27.29,47.64,0
27.31,47.64,0
27.3,47.6,0
27.32,47.6,0
27.3,47.6,0
27.3,47.6,0
27.31,47.57,0
27.31,47.57,0
27.3,47.6,0
27.31,47.6,0
27.3,47.6,0
27.31,47.6,0
27.31,47.6,0
27.31,47.6,0
27.32,47.57,0
27.31,47.6,0
27.31,47.6,0
27.31,47.6,0
27.32,47.57,0
27.32,47.57,0
27.31,47.57,0
27.31,47.6,0
27.31,47.6,0
27.31,47.64,0
27.31,47.64,0
27.33,47.67,0
27.32,47.67,0
27.31,47.67,0
27.32,47.64,0
27.32,47.64,0
27.33,47.67,0
27.32,47.67,0
27.31,47.67,0
27.32,47.67,0
27.31,47.64,0
27.31,47.6,0
27.31,47.67,0
27.32,47.64,0
27.31,47.67,0
27.31,47.67,0
27.32,47.67,0
27.32,47.67,0
27.32,47.67,0
27.31,47.7,0
27.32,47.7,0
27.33,47.7,0
27.32,47.7,0
27.33,47.7,0
27.33,47.7,0
27.33,47.67,0
27.32,47.7,0
27.34,47.7,0
27.33,47.73,0
27.32,47.7,0
27.33,47.7,0
27.33,47.7,0
27.31,47.7,0
27.31,47.7,0
27.31,47.7,0
27.32,47.73,0
27.32,47.73,0
27.32,47.73,0
27.31,47.73,0
27.31,47.73,0
27.32,47.77,0
27.32,47.73,0
27.32,47.73,0
27.32,47.73,0
27.33,47.73,0
27.32,47.73,0
27.33,47.73,0
27.34,47.73,0
27.34,47.73,0
27.35,47.73,0
27.33,47.77,0
27.34,47.77,0
27.33,47.73,0
27.33,47.73,0
27.33,47.77,0
27.33,47.77,0
27.32,47.77,0
27.33,47.77,0
27.33,47.77,0
27.33,47.77,0
27.33,47.8,0
27.33,47.77,0
27.33,47.77,0
27.34,47.77,0
27.35,47.73,0
27.35,47.73,0
27.35,47.73,0
27.35,47.73,0
27.35,47.73,0
27.35,47.77,0
27.34,47.73,0
27.35,47.77,0
27.35,47.77,0
27.36,47.77,0
27.35,47.77,0
27.34,47.77,0
27.35,47.8,0
27.34,47.8,0
27.34,47.8,0
27.34,47.8,0
27.34,47.8,0
27.36,47.8,0
27.34,47.77,0
27.35,47.8,0
27.36,47.8,0
27.35,47.77,0
27.36,47.8,0
27.36,47.8,0
27.37,47.8,0
27.37,47.8,0
27.36,47.8,0
27.36,47.8,0
27.37,47.8,0
27.35,47.83,0
27.36,47.8,0
27.35,47.8,0
27.35,47.83,0
27.36,47.8,0
27.35,47.83,0
27.35,47.83,0
27.36,47.83,0
27.36,47.83,0
27.37,47.83,0
27.37,47.83,0
27.37,47.8,0
27.36,47.8,0
27.37,47.8,0
27.37,47.8,0
27.36,47.8,0
27.37,47.83,0
27.36,47.8,0
27.36,47.83,0
27.37,47.83,0
27.37,47.83,0
27.37,47.83,0
27.37,47.86,0
27.37,47.83,0
27.37,47.83,0
27.37,47.83,0
27.35,47.86,0
27.37,47.83,0
27.38,47.83,0
27.38,47.86,0
27.37,47.83,0
27.38,47.86,0
27.38,47.83,0
27.39,47.86,0
27.38,47.86,0
27.38,47.83,0
27.39,47.83,0
27.38,47.86,0
27.38,47.83,0
27.37,47.86,0
27.37,47.83,0
27.37,47.86,0
27.37,47.83,0
27.37,47.83,0
27.37,47.83,0
27.37,47.83,0
27.37,47.83,0
27.37,47.83,0
27.37,47.8,0
27.4,47.83,0
27.38,47.83,0
27.39,47.83,0
27.39,47.83,0
27.39,47.8,0
27.39,47.83,0
27.39,47.8,0
27.39,47.8,0
27.39,47.8,0
27.39,47.86,0
27.39,47.8,0
27.4,47.86,0
27.38,47.83,0
27.4,47.86,0
27.39,47.86,0
27.4,47.83,0
27.39,47.83,0
27.38,47.86,0
27.4,47.86,0
27.4,47.86,0
27.41,47.83,0
27.4,47.86,0
27.4,47.83,0
27.4,47.8,0
27.41,47.83,0
27.41,47.83,0
27.41,47.8,0
27.42,47.8,0
27.41,47.83,0
27.41,47.83,0
27.41,47.83,0
27.41,47.83,0
27.41,47.83,0
27.4,47.86,0
27.41,47.86,0
27.41,47.83,0
27.41,47.86,0
27.41,47.86,0
27.41,47.86,0
27.41,47.86,0
27.43,47.86,0
27.42,47.86,0
27.43,47.86,0
27.43,47.86,0
27.42,47.83,0
27.44,47.83,0
27.44,47.86,0
27.42,47.86,0
27.43,47.86,0
27.43,47.86,0
27.43,47.83,0
27.43,47.86,0
27.42,47.86,0
27.42,47.86,0
27.42,47.86,0
27.43,47.86,0
27.43,47.86,0
27.41,47.83,0
27.43,47.86,0
27.44,47.86,0
27.44,47.86,0
27.44,47.86,0
27.43,47.83,0
27.43,47.86,0
27.44,47.86,0
27.45,47.86,0
27.44,47.83,0
27.44,47.83,0
27.43,47.83,0
27.45,47.83,0
27.43,47.83,0
27.43,47.86,0
27.43,47.86,0
27.43,47.86,0
27.43,47.86,0
27.43,47.86,0
27.44,47.86,0
27.44,47.86,0
27.44,47.86,0
27.43,47.9,0
27.45,47.86,0
27.45,47.86,0
27.45,47.9,0
27.45,47.86,0
27.44,47.86,0
27.45,47.86,0
27.45,47.9,0
27.45,47.86,0
27.44,47.9,0
27.43,47.86,0
27.44,47.86,0
27.44,47.86,0
27.45,47.86,0
27.44,47.9,0
27.45,47.9,0
27.45,47.93,0
27.44,47.9,0
27.43,47.93,0
27.45,47.93,0
27.45,47.93,0
27.46,47.93,0
27.46,47.93,0
27.47,47.93,0
27.45,47.93,0
27.45,47.93,0
27.45,47.93,0
27.46,47.93,0
27.45,47.93,0
27.45,47.93,0
27.44,47.96,0
27.46,47.93,0
27.46,47.93,0
27.45,47.93,0
27.45,47.96,0
27.45,47.93,0
27.45,47.96,0
27.44,47.96,0
27.46,47.96,0
27.46,47.96,0
27.46,47.93,0
27.46,47.93,0
27.44,47.96,0
27.42,47.96,0
27.41,47.99,0
27.4,48.09,0
27.37,48.12,0
27.37,48.19,0
27.38,48.32,0
27.38,48.42,0
27.37,48.42,0
27.36,48.38,0
27.36,48.38,0
27.36,48.32,0
27.35,48.25,0
27.34,48.32,0
27.34,48.32,0
27.33,48.32,0
27.32,48.22,0
27.32,48.16,0
27.31,48.22,0
27.3,48.12,0
27.29,48.19,0
27.29,48.19,0
27.29,48.16,0
27.28,48.09,0
27.27,48.12,0
27.26,48.19,0
27.25,48.22,0
27.24,48.16,0
27.22,48.09,0
27.21,48.16,0
27.21,48.16,0
27.19,48.22,0
27.18,48.19,0
27.17,48.25,0
27.17,48.25,0
27.18,48.19,0
27.18,48.12,0
27.17,48.06,0
27.16,48.12,0
27.16,48.03,0
27.16,47.99,0
27.15,47.99,0
27.14,47.96,0
27.14,47.93,0
27.12,47.9,0
27.13,47.83,0
27.12,47.8,0
27.11,47.86,0
27.09,47.99,0
27.09,47.93,0
27.07,47.67,0
27.06,47.67,0
27.05,47.8,0
27.05,47.86,0
27.03,47.93,0
27.03,47.86,0
27.02,47.86,0
27.03,47.86,0
27.01,47.9,0
27.01,47.86,0
27,47.8,0
26.99,47.8,0
27,47.86,0
26.98,47.86,0
26.97,47.77,0
26.97,47.73,0
26.96,47.77,0
26.95,47.7,0
26.93,47.67,0
26.93,47.64,0
26.91,47.54,0
26.91,47.73,0
26.9,47.73,0
26.89,47.67,0
26.89,47.73,0
26.88,47.77,0
26.86,47.6,0
26.87,47.6,0
26.86,47.6,0
26.86,47.73,0
26.86,47.73,0
26.85,47.77,0
26.85,47.77,0
26.83,47.77,0
26.83,47.8,0
26.82,47.8,0
26.82,47.67,0
26.83,47.7,0
26.8,47.67,0
26.8,47.7,0
26.78,47.6,0
26.77,47.6,0
26.77,47.6,0
26.76,47.67,0
26.76,47.7,0
26.74,47.73,0
26.75,47.67,0
26.75,47.67,0
26.74,47.73,0
26.75,47.77,0
26.74,47.73,0
26.75,47.73,0
26.72,47.7,0
26.72,47.67,0
26.73,47.57,0
26.72,47.54,0
26.71,47.41,0
26.71,47.44,0
26.71,47.57,0
26.71,47.57,0
26.7,47.54,0
26.7,47.54,0
26.69,47.57,0
26.69,47.54,0
26.67,47.54,0
26.68,47.57,0
26.69,47.51,0
26.69,47.54,0
26.68,47.54,0
26.67,47.54,0
26.65,47.41,0
26.67,47.41,0
26.67,47.41,0
26.67,47.34,0
26.65,47.28,0
26.66,47.34,0
26.65,47.44,0
26.65,47.44,0
26.63,47.47,0
26.64,47.34,0
26.62,47.34,0
26.62,47.34,0
26.62,47.34,0
26.61,47.28,0
26.61,47.28,0
26.6,47.28,0
26.61,47.21,0
26.59,47.21,0
26.6,47.24,0
26.61,47.31,0
26.6,47.31,0
26.61,47.21,0
26.58,47.15,0
26.59,47.21,0
26.58,47.18,0
26.57,47.21,0
26.57,47.28,0
26.56,47.28,0
26.56,47.28,0
26.54,47.24,0
26.54,47.24,0
26.53,47.21,0
26.52,47.15,0
26.53,47.21,0
26.52,47.24,0
26.51,47.24,0
26.53,47.31,0
26.52,47.34,0
26.51,48.12,0
26.51,48.42,0
26.51,48.25,0
26.52,48.12,0
26.52,48.03,0
26.52,47.96,0
26.52,47.96,0
26.52,47.86,0
26.52,47.7,0
26.53,47.67,0
26.54,47.64,0
26.55,47.73,0
26.55,47.7,0
26.55,47.67,0
26.56,47.67,0
26.57,47.7,0
26.58,47.7,0
26.59,47.7,0
26.6,47.7,0
26.62,47.67,0
26.63,47.67,0
26.63,47.6,0
26.65,47.6,0
26.66,47.57,0
26.66,47.47,0
26.67,47.47,0
26.69,47.47,0
26.7,47.47,0
26.71,47.44,0
26.72,47.41,0
26.71,47.44,0
26.71,47.47,0
26.72,47.57,0
26.73,47.57,0
26.74,47.57,0
26.75,47.54,0
26.75,47.51,0
26.77,47.47,0
26.77,47.47,0
26.78,47.44,0
26.79,47.41,0
26.79,47.51,0
26.81,47.64,0
26.82,47.7,0
26.82,47.64,0
26.84,47.54,0
26.85,47.47,0
26.85,47.44,0
26.85,47.41,0
26.86,47.38,0
26.87,47.38,0
26.87,47.34,0
26.87,47.34,0
26.87,47.34,0
26.88,47.31,0
26.87,47.31,0
26.89,47.28,0
26.91,47.31,0
26.89,47.28,0
26.91,47.28,0
26.93,47.28,0
26.93,47.24,0
26.94,47.28,0
26.95,47.28,0
26.96,47.28,0
26.96,47.28,0
26.97,47.28,0
26.98,47.28,0
26.97,47.28,0
26.98,47.28,0
26.97,47.24,0
26.98,47.21,0
26.97,47.18,0
26.98,47.18,0
26.98,47.15,0
26.98,47.15,0
26.98,47.11,0
26.99,47.11,0
26.99,47.08,0
27.01,47.08,0
27.01,47.08,0
27.02,47.08,0
27.03,47.08,0
27.02,47.08,0
27.03,47.11,0
27.03,47.08,0
27.03,47.11,0
27.03,47.11,0
27.03,47.15,0
27.05,47.15,0
27.03,47.15,0
27.03,47.21,0
27.05,47.24,0
27.03,47.28,0
27.04,47.28,0
27.05,47.28,0
27.05,47.24,0
27.05,47.28,0
27.05,47.24,0
27.06,47.28,0
27.07,47.31,0
27.07,47.28,0
27.08,47.28,0
27.09,47.28,0
27.09,47.28,0
27.09,47.28,0
27.09,47.28,0
27.1,47.28,0
27.08,47.28,0
27.09,47.28,0
27.08,47.31,0
27.1,47.34,0
27.09,47.38,0
27.09,47.38,0
27.09,47.41,0
27.09,47.44,0
27.08,47.44,0
27.09,47.41,0
27.1,47.41,0
27.1,47.41,0
27.12,47.41,0
27.12,47.44,0
27.1,47.44,0
27.12,47.44,0
27.12,47.44,0
27.12,47.44,0
27.11,47.47,0
27.12,47.47,0
27.13,47.47,0
27.11,47.44,0
27.11,47.44,0
27.12,47.44,0
27.11,47.41,0
27.11,47.47,0
27.11,47.47,0
27.11,47.47,0
27.12,47.47,0
27.11,47.47,0
27.11,47.47,0
27.13,47.44,0
27.12,47.44,0
27.13,47.47,0
27.13,47.44,0
27.13,47.44,0
27.13,47.44,0
27.13,47.44,0
27.12,47.41,0
27.13,47.41,0
27.13,47.41,0
27.14,47.41,0
27.13,47.41,0
27.12,47.44,0
27.13,47.47,0
27.13,47.47,0
27.12,47.47,0
27.12,47.44,0
27.13,47.47,0
27.12,47.44,0
27.13,47.47,0
27.15,47.47,0
27.13,47.47,0
27.15,47.47,0
27.15,47.47,0
27.15,47.47,0
27.15,47.47,0
27.15,47.51,0
27.16,47.54,0
27.14,47.54,0
27.15,47.54,0
27.15,47.54,0
27.15,47.54,0
27.15,47.54,0
27.15,47.6,0
27.16,47.57,0
27.16,47.6,0
27.15,47.6,0
27.15,47.57,0
27.15,47.6,0
27.16,47.57,0
27.15,47.6,0
27.15,47.6,0
27.16,47.57,0
27.16,47.57,0
27.17,47.57,0
27.17,47.57,0
27.17,47.6,0
27.17,47.6,0
27.18,47.6,0
27.17,47.54,0
27.17,47.57,0
27.18,47.54,0
27.17,47.6,0
27.17,47.6,0
27.16,47.6,0
27.17,47.6,0
27.17,47.64,0
27.17,47.6,0
27.17,47.6,0
27.17,47.64,0
27.17,47.6,0
27.18,47.64,0
27.18,47.64,0
27.19,47.64,0
27.18,47.64,0
27.19,47.64,0
27.19,47.6,0
27.19,47.64,0
27.19,47.64,0
27.19,47.64,0
27.2,47.64,0
27.19,47.64,0
27.18,47.67,0
27.17,47.67,0
27.18,47.67,0
27.18,47.7,0
27.18,47.7,0
27.17,47.73,0
27.18,47.73,0
27.18,47.73,0
27.19,47.73,0
27.17,47.73,0
27.19,47.7,0
27.2,47.7,0
27.21,47.73,0
27.19,47.7,0
27.2,47.73,0
27.19,47.7,0
27.19,47.67,0
27.19,47.7,0
27.2,47.73,0
27.19,47.73,0
27.19,47.73,0
27.19,47.73,0
27.19,47.73,0
27.18,47.73,0
27.2,47.73,0
27.19,47.73,0
27.19,47.73,0
27.19,47.77,0
27.2,47.73,0
27.21,47.77,0
27.21,47.77,0
27.2,47.73,0
27.21,47.77,0
27.22,47.73,0
27.22,47.73,0
27.21,47.73,0
27.22,47.77,0
27.21,47.73,0
27.21,47.77,0
