27.97,45.93,0
27.95,45.9,0
27.96,45.9,0
27.95,45.93,0
27.97,45.93,0
27.98,45.9,0
27.95,45.9,0
27.94,45.97,0
27.92,46,0
27.92,46.1,0
27.9,46.1,0
27.89,46.2,0
27.88,46.26,0
27.88,46.3,0
27.87,46.23,0
27.87,46.16,0
27.85,46.13,0
27.86,46.1,0
27.86,46.1,0
27.84,46.07,0
27.87,46.1,0
27.87,46.03,0
27.85,46.03,0
27.86,46.03,0
27.85,46.03,0
27.84,46.03,0
27.82,46.03,0
27.82,46.1,0
27.83,46.1,0
27.84,46.1,0
27.83,46.1,0
27.83,46.07,0
27.83,46.07,0
27.83,46.1,0
27.83,46.1,0
27.83,46.03,0
27.83,46,0
27.82,45.97,0
27.81,45.93,0
27.8,45.9,0
27.82,45.87,0
27.82,45.9,0
27.8,45.9,0
27.81,45.9,0
27.78,45.93,0
27.78,45.97,0
27.81,45.97,0
27.8,45.97,0
27.81,45.97,0
27.8,46,0
27.79,45.97,0
27.77,45.97,0
27.76,46,0
27.76,45.97,0
27.76,46,0
27.76,46,0
27.75,46.03,0
27.72,45.97,0
27.72,46,0
27.72,46,0
27.71,46,0
27.69,45.97,0
27.71,45.97,0
27.72,46,0
27.72,45.97,0
27.71,45.97,0
27.71,45.93,0
27.7,45.93,0
27.71,45.9,0
27.69,45.9,0
27.7,45.9,0
27.67,45.9,0
27.67,45.9,0
27.66,45.93,0
27.67,45.9,0
27.66,45.9,0
27.66,45.93,0
27.68,45.93,0
27.67,46,0
27.67,45.97,0
27.65,45.93,0
27.67,45.93,0
27.66,45.93,0
27.66,45.9,0
27.64,45.9,0
27.65,45.87,0
27.66,45.84,0
27.65,45.84,0
27.66,45.84,0
27.63,45.87,0
27.64,45.84,0
27.6,45.84,0
27.59,45.9,0
27.57,45.97,0
27.59,45.97,0
27.59,45.93,0
27.58,45.97,0
27.59,45.97,0
27.59,45.93,0
27.58,45.9,0
27.56,45.93,0
27.57,45.97,0
27.56,45.93,0
27.57,45.9,0
27.55,45.9,0
27.55,45.9,0
27.55,45.9,0
27.58,45.9,0
27.57,45.9,0
27.59,45.87,0
27.61,45.84,0
27.6,45.84,0
27.59,45.87,0
27.58,45.9,0
27.59,46.03,0
27.57,46.26,0
27.58,46.52,0
27.56,46.75,0
27.55,47.08,0
27.55,47.28,0
27.54,47.28,0
27.55,47.31,0
27.55,47.28,0
27.54,47.34,0
27.56,47.38,0
27.59,47.41,0
27.6,47.41,0
27.61,47.47,0
27.61,47.47,0
27.61,47.47,0
27.64,47.47,0
27.64,47.41,0
27.65,47.38,0
27.65,47.34,0
27.67,47.28,0
27.69,47.24,0
27.72,47.18,0
27.72,47.15,0
27.73,47.15,0
27.74,47.15,0
27.76,47.08,0
27.77,47.05,0
27.79,47.02,0
27.79,46.95,0
27.8,46.95,0
27.81,46.92,0
27.82,46.89,0
27.84,46.85,0
27.85,46.82,0
27.87,46.75,0
27.86,46.69,0
27.87,46.66,0
27.88,46.62,0
27.89,46.62,0
27.9,46.56,0
27.9,46.52,0
27.91,46.49,0
27.91,46.46,0
27.91,46.43,0
27.92,46.43,0
27.93,46.43,0
27.93,46.43,0
27.95,46.39,0
27.96,46.39,0
27.96,46.36,0
27.96,46.33,0
27.97,46.3,0
27.97,46.26,0
27.98,46.26,0
27.99,46.23,0
28,46.23,0
28.01,46.2,0
28.01,46.2,0
28.01,46.16,0
28.02,46.16,0
28.03,46.16,0
28.03,50.43635955,4
28.04,50.43635955,4
28.04,50.43635955,4
28.05,50.43635955,4
28.08,50.43635955,4
28.09,50.43635955,4
28.09,50.43635955,4
28.09,50.43635955,4
28.11,50.43635955,4
28.11,50.43635955,4
28.11,50.43635955,4
28.12,50.43635955,4
28.12,50.43635955,4
28.13,50.43635955,4
28.13,50.43635955,4
28.14,50.43635955,4
28.14,50.43635955,4
28.15,50.43635955,4
28.16,50.43635955,4
28.15,50.43635955,4
28.16,50.43635955,4
28.17,50.43635955,4
28.18,50.43635955,4
28.17,50.43635955,4
28.17,50.43635955,4
28.17,50.43635955,4
28.18,50.43635955,4
28.18,50.43635955,4
28.17,50.43635955,4
28.18,50.43635955,4
28.19,50.43635955,4
28.19,50.43635955,4
28.19,50.43635955,4
28.2,50.43635955,4
28.2,50.43635955,4
28.21,50.43635955,4
28.21,50.43635955,4
28.23,50.43635955,4
28.22,50.43635955,4
28.23,50.43635955,4
28.25,50.43635955,4
28.25,50.43635955,4
28.25,50.43635955,4
28.24,50.43635955,4
28.24,50.43635955,4
28.25,50.43635955,4
28.23,50.43635955,4
28.26,50.43635955,4
28.25,50.43635955,4
28.26,50.43635955,4
28.26,50.43635955,4
28.27,50.43635955,4
28.27,50.43635955,4
28.27,50.43635955,4
28.27,50.43635955,4
28.27,50.43635955,4
28.27,50.43635955,4
28.27,50.43635955,4
28.28,50.43635955,4
28.29,50.43635955,4
28.29,50.43635955,4
28.29,50.43635955,4
28.29,50.43635955,4
28.29,50.43635955,4
28.29,50.43635955,4
28.29,50.43635955,4
28.3,50.43635955,4
28.3,50.43635955,4
28.3,50.43635955,4
28.3,50.43635955,4
28.31,50.43635955,4
28.31,50.43635955,4
28.3,50.43635955,4
28.31,50.43635955,4
56.64,50.43635955,4
28.31,50.43635955,4
28.33,50.43635955,4
28.31,50.43635955,4
28.33,50.43635955,4
28.33,50.43635955,4
28.36,50.43635955,4
28.35,50.43635955,4
56.7,50.43635955,4
28.35,50.43635955,4
28.36,50.43635955,4
28.36,50.43635955,4
28.35,50.43635955,4
28.36,50.43635955,4
28.37,50.43635955,4
28.37,45.47,0
28.37,45.47,0
28.37,45.44,0
28.37,45.44,0
28.37,45.44,0
28.38,45.44,0
28.37,45.44,0
28.39,45.44,0
28.39,45.44,0
28.4,45.44,0
28.39,45.44,0
28.4,45.41,0
28.4,45.41,0
28.41,45.44,0
28.41,45.41,0
28.41,45.37,0
28.41,45.37,0
28.41,45.37,0
28.41,45.34,0
28.42,45.37,0
28.42,45.34,0
28.42,45.34,0
28.42,45.31,0
28.42,45.31,0
28.43,45.34,0
28.43,45.34,0
28.44,45.34,0
28.43,45.34,0
28.43,45.31,0
28.43,45.31,0
28.43,45.31,0
28.43,45.31,0
28.45,45.31,0
28.45,45.31,0
28.45,45.31,0
28.44,45.31,0
28.46,45.31,0
28.45,45.31,0
28.45,45.28,0
28.45,45.28,0
28.44,45.28,0
28.46,45.24,0
28.46,45.24,0
28.45,45.24,0
28.47,45.24,0
28.46,45.24,0
28.45,45.24,0
28.46,45.24,0
28.47,45.24,0
28.47,45.24,0
28.48,45.24,0
28.48,45.24,0
28.47,45.21,0
28.48,45.21,0
28.47,45.24,0
28.47,45.24,0
28.48,45.18,0
28.45,45.11,0
28.45,45.01,0
28.44,44.98,0
28.45,44.98,0
28.45,44.98,0
28.44,45.01,0
28.45,45.04,0
28.43,45.04,0
28.44,45.08,0
28.43,45.14,0
28.42,45.18,0
28.43,45.21,0
28.41,45.24,0
28.41,45.21,0
28.41,45.24,0
28.43,45.21,0
28.43,45.18,0
28.45,45.18,0
28.44,45.11,0
28.44,45.08,0
28.44,44.98,0
28.42,44.91,0
28.42,44.85,0
28.43,44.85,0
28.42,44.81,0
28.41,44.78,0
28.41,44.81,0
28.41,44.78,0
28.41,44.78,0
28.39,44.71,0
28.38,44.68,0
31.39823905,50.02342707,4
31.39823905,50.29453666,4
31.39823905,50.29453666,4
31.39823905,50.29453666,4
31.39823905,48.91508935,4
31.39823905,48.31866973,4
31.39823905,47.10403824,4
31.39823905,46.37360019,4
31.39823905,46.37360019,4
31.39823905,45.89975985,4
31.39823905,45.07427807,4
31.39823905,45.07427807,4
31.39823905,44.64562973,4
31.39823905,44.83244012,4
31.39823905,44.83244012,4
31.39823905,45.07427807,4
31.39823905,45.07427807,4
31.39823905,44.64562973,4
31.39823905,44.64562973,4
31.39823905,44.64562973,4
31.39823905,44.64562973,4
31.39823905,44.83244012,4
31.39823905,45.07427807,4
31.39823905,45.89975985,4
31.39823905,45.89975985,4
31.39823905,46.37360019,4
31.39823905,47.70371679,4
31.39823905,49.61618946,4
31.39823905,48.31866973,4
31.39823905,47.70371679,4
31.39823905,47.10403824,4
31.39823905,48.31866973,4
31.39823905,48.31866973,4
31.39823905,48.31866973,4
31.39823905,49.61618946,4
31.39823905,49.61618946,4
31.39823905,50.29453666,4
31.39823905,50.29453666,4
31.39823905,50.29453666,4
31.39823905,50.29453666,4
31.39823905,50.02342707,4
31.39823905,50.02342707,4
31.39823905,50.29453666,4
31.39823905,50.29453666,4
31.39823905,50.41106118,4
31.39823905,50.41106118,4
31.39823905,50.41106118,4
31.39823905,50.41106118,4
31.39823905,50.30836415,4
31.39823905,50.30836415,4
31.39823905,50.30836415,4
31.39823905,50.30836415,4
31.39823905,50.30836415,4
31.39823905,50.30836415,4
31.39823905,50.30836415,4
31.39823905,50.30836415,4
31.39823905,50.41106118,4
31.39823905,50.30836415,4
31.39823905,50.30836415,4
31.39823905,50.41106118,4
31.39823905,50.30836415,4
31.39823905,50.41106118,4
31.39823905,50.30836415,4
31.39823905,50.30836415,4
31.39823905,50.30836415,4
31.39823905,50.30836415,4
31.39823905,50.30836415,4
31.39823905,50.30836415,4
31.39823905,50.30836415,4
31.39823905,50.30836415,4
31.39823905,50.30836415,4
31.39823905,50.30836415,4
31.39823905,50.30836415,4
31.39823905,50.30836415,4
31.39823905,50.05404118,4
31.39823905,50.30836415,4
31.39823905,50.05404118,4
31.39823905,50.05404118,4
31.39823905,49.52139277,4
31.39823905,50.05404118,4
31.39823905,49.52139277,4
31.39823905,50.05404118,4
31.39823905,49.52139277,4
31.39823905,49.52139277,4
31.39823905,49.52139277,4
31.39823905,49.52139277,4
31.39823905,49.52139277,4
31.39823905,49.52139277,4
31.39823905,74.31195252,4
31.39823905,74.31195252,4
31.39823905,73.82985344,4
31.39823905,73.82985344,4
31.39823905,73.82985344,4
31.39823905,73.82985344,4
31.39823905,73.3113019,4
31.39823905,73.3113019,4
31.39823905,73.3113019,4
31.39823905,73.3113019,4
31.39823905,73.82985344,4
31.39823905,73.82985344,4
31.39823905,73.82985344,4
31.39823905,73.82985344,4
31.39823905,73.82985344,4
31.39823905,73.3113019,4
31.39823905,73.3113019,4
31.39823905,73.3113019,4
31.39823905,73.3113019,4
31.39823905,73.3113019,4
31.39823905,73.3113019,4
31.39823905,73.3113019,4
31.39823905,73.3113019,4
31.39823905,73.3113019,4
31.39823905,73.82985344,4
31.39823905,73.3113019,4
31.39823905,73.3113019,4
31.39823905,73.3113019,4
31.39823905,73.3113019,4
31.39823905,73.3113019,4
31.39823905,73.3113019,4
31.39823905,73.3113019,4
31.39823905,73.3113019,4
31.39823905,73.3113019,4
31.39823905,73.3113019,4
31.39823905,73.82985344,4
31.39823905,73.3113019,4
31.39823905,73.3113019,4
31.39823905,73.3113019,4
31.39823905,73.3113019,4
31.39823905,73.3113019,4
31.39823905,73.82985344,4
31.39823905,73.3113019,4
31.39823905,73.3113019,4
28.75579057,69.81169456,3
28.75579057,69.81169456,3
28.76588451,69.81169456,3
28.75579057,69.81169456,3
28.75579057,69.81169456,3
28.75579057,69.81169456,3
28.75579057,69.81169456,3
28.76588451,69.81169456,3
28.76588451,69.81169456,3
28.77597563,69.81169456,3
28.76588451,69.81169456,3
28.76588451,69.81169456,3
28.76588451,69.81169456,3
28.76588451,69.81169456,3
28.75579057,69.81169456,3
28.75579057,69.81169456,3
28.75579057,69.81169456,3
28.76588451,69.81169456,3
28.76588451,69.81169456,3
28.76588451,69.81169456,3
28.76588451,69.81169456,3
28.76588451,69.81169456,3
28.77597563,69.81169456,3
28.77597563,69.81169456,3
28.77597563,69.81169456,3
28.78606395,69.81169456,3
28.76588451,69.81169456,3
28.77597563,69.81169456,3
28.76588451,69.81169456,3
28.78606395,69.81169456,3
28.77597563,69.81169456,3
28.76588451,69.81169456,3
28.77597563,69.81169456,3
28.78606395,69.78007075,3
28.78606395,69.81169456,3
28.78606395,69.81169456,3
28.77597563,69.81169456,3
28.77597563,69.81169456,3
28.77597563,69.78007075,3
28.77597563,69.78007075,3
28.78606395,69.78007075,3
28.77597563,69.74842703,3
28.77597563,69.78007075,3
28.78606395,69.81169456,3
28.77597563,69.78007075,3
28.78606395,56.15285754,4
28.78606395,56.15285754,4
28.78606395,56.15285754,4
28.76588451,56.15285754,4
28.77597563,56.15285754,4
57.12,56.15285754,4
28.78606395,56.15285754,4
28.77597563,56.15285754,4
28.77597563,56.15285754,4
28.78606395,56.15285754,4
28.79614944,56.15285754,4
28.78606395,56.15285754,4
28.78606395,56.15285754,4
28.78606395,56.15285754,4
28.80623212,56.15285754,4
28.78606395,56.15285754,4
28.79614944,56.15285754,4
28.78606395,56.15285754,4
28.79614944,56.15285754,4
28.79614944,56.15285754,4
28.79614944,56.15285754,4
28.80623212,56.15285754,4
28.78606395,56.15285754,4
28.79614944,56.15285754,4
28.79614944,56.15285754,4
28.80623212,56.15285754,4
28.79614944,56.15285754,4
28.78606395,56.15285754,4
28.78606395,56.15285754,4
28.79614944,56.15285754,4
28.79614944,56.15285754,4
28.80623212,56.15285754,4
28.79614944,56.15285754,4
28.79614944,56.15285754,4
28.80623212,56.15285754,4
28.80623212,56.15285754,4
28.80623212,56.15285754,4
28.80623212,56.15285754,4
28.80623212,56.15285754,4
28.79614944,56.15285754,4
28.80623212,56.15285754,4
28.80623212,56.15285754,4
42.88500052,56.15285754,4
28.80623212,56.15285754,4
28.6,56.15285754,4
28.6,56.15285754,4
28.59,56.15285754,4
28.6,56.15285754,4
28.6,56.15285754,4
28.59,56.15285754,4
28.6,56.15285754,4
28.6,56.15285754,4
28.59,56.15285754,4
28.61,56.15285754,4
28.59,56.15285754,4
28.59,56.15285754,4
28.6,56.15285754,4
28.59,56.15285754,4
28.6,56.15285754,4
28.59,56.15285754,4
28.59,56.15285754,4
28.61,56.15285754,4
37.167,56.15285754,4
28.6,56.15285754,4
28.61,56.15285754,4
28.6,56.15285754,4
28.61,56.15285754,4
28.61,56.15285754,4
28.61,56.15285754,4
28.6,56.15285754,4
28.6,56.15285754,4
57.22,56.15285754,4
28.61,56.15285754,4
28.61,56.15285754,4
28.6,56.15285754,4
28.6,56.15285754,4
28.62,56.15285754,4
28.61,56.15285754,4
28.61,56.15285754,4
28.61,56.15285754,4
28.6,56.15285754,4
28.61,56.15285754,4
28.61,56.15285754,4
28.61,56.15285754,4
28.62,56.15285754,4
28.61,56.15285754,4
28.61,56.15285754,4
28.62,56.15285754,4
28.62,56.15285754,4
28.61,56.15285754,4
28.62,56.15285754,4
28.61,56.15285754,4
28.62,56.15285754,4
28.63,56.15285754,4
28.64,56.15285754,4
28.62,56.15285754,4
28.62,56.15285754,4
28.63,56.15285754,4
28.63,56.15285754,4
28.63,56.15285754,4
28.62,56.15285754,4
28.63,56.15285754,4
28.62,56.15285754,4
28.64,56.15285754,4
28.64,56.15285754,4
28.64,56.15285754,4
28.63,56.15285754,4
28.64,56.15285754,4
28.63,56.15285754,4
28.63,56.15285754,4
28.64,56.15285754,4
28.64,56.15285754,4
28.65,56.15285754,4
28.65,56.15285754,4
28.64,56.15285754,4
28.65,56.15285754,4
28.65,56.15285754,4
28.64,56.15285754,4
28.64,56.15285754,4
28.64,56.15285754,4
28.65,56.15285754,4
28.64,56.15285754,4
28.65,56.15285754,4
28.66,56.15285754,4
28.66,56.15285754,4
28.67,56.15285754,4
28.66,56.15285754,4
28.65,56.15285754,4
28.65,56.15285754,4
28.67,56.15285754,4
28.66,56.15285754,4
28.67,56.15285754,4
28.67,56.15285754,4
28.66,56.15285754,4
28.66,56.15285754,4
28.67,56.15285754,4
28.67,56.15285754,4
28.66,56.15285754,4
28.67,56.15285754,4
28.67,56.15285754,4
28.66,56.15285754,4
28.67,56.15285754,4
28.67,56.15285754,4
28.67,56.15285754,4
28.67,56.15285754,4
28.67,56.15285754,4
28.67,56.15285754,4
28.67,56.15285754,4
28.68,56.15285754,4
28.67,56.15285754,4
28.67,56.15285754,4
28.67,56.15285754,4
28.67,56.15285754,4
28.67,56.15285754,4
28.67,56.15285754,4
28.67,56.15285754,4
28.68,56.15285754,4
28.68,56.15285754,4
28.68,56.15285754,4
28.68,56.15285754,4
28.67,56.15285754,4
28.68,56.15285754,4
28.68,56.15285754,4
28.67,56.15285754,4
28.68,56.15285754,4
28.67,56.15285754,4
28.68,56.15285754,4
28.67,56.15285754,4
28.66,56.15285754,4
28.67,56.15285754,4
28.68,56.15285754,4
28.68,56.15285754,4
28.67,56.15285754,4
28.67,56.15285754,4
28.67,56.15285754,4
28.67,56.15285754,4
28.68,44.81,0
28.67,44.81,0
28.68,44.85,0
28.68,44.85,0
28.68,44.81,0
28.69,44.81,0
28.68,44.78,0
28.67,44.85,0
28.69,44.81,0
28.67,44.81,0
28.68,44.81,0
28.68,44.81,0
28.68,44.81,0
28.68,44.85,0
28.69,44.81,0
28.68,44.81,0
28.69,44.85,0
28.69,44.81,0
28.68,44.85,0
28.69,44.85,0
28.68,44.81,0
28.68,44.81,0
28.68,44.81,0
28.68,44.81,0
28.68,44.81,0
28.7,44.85,0
28.69,44.85,0
28.69,44.85,0
28.68,44.85,0
28.68,44.85,0
28.68,44.85,0
28.69,44.85,0
28.69,44.85,0
28.69,44.85,0
28.68,44.85,0
28.68,44.85,0
28.69,44.85,0
28.69,44.85,0
28.69,44.85,0
28.68,44.85,0
28.69,44.85,0
28.69,44.85,0
28.7,44.85,0
28.69,44.85,0
28.68,44.85,0
28.69,44.85,0
28.69,44.85,0
28.69,44.85,0
28.7,44.85,0
28.69,44.85,0
28.69,44.85,0
28.69,44.85,0
28.7,44.85,0
28.7,44.85,0
28.7,44.85,0
28.69,44.85,0
28.69,44.85,0
28.7,44.85,0
28.7,44.85,0
28.69,44.85,0
28.7,44.85,0
28.71,44.85,0
28.7,44.85,0
28.7,44.85,0
28.69,44.85,0
28.7,44.85,0
28.7,44.85,0
28.7,44.85,0
28.71,44.85,0
28.7,44.85,0
28.7,44.88,0
28.7,44.88,0
28.7,44.85,0
28.71,44.88,0
28.7,44.85,0
28.7,44.85,0
28.71,44.88,0
28.7,44.95,0
28.7,44.98,0
28.71,45.04,0
28.71,45.01,0
28.7,45.04,0
28.69,45.04,0
28.69,45.04,0
28.7,45.08,0
28.69,45.14,0
28.7,45.18,0
28.71,45.21,0
28.7,45.21,0
28.71,45.18,0
28.7,45.21,0
28.71,45.21,0
28.71,45.24,0
28.69,45.21,0
28.69,45.21,0
28.7,45.21,0
28.7,45.18,0
28.69,45.18,0
28.69,45.21,0
28.71,45.18,0
28.7,45.18,0
28.71,45.18,0
28.71,45.14,0
28.71,45.14,0
28.71,45.11,0
28.71,45.11,0
28.71,45.11,0
28.7,45.11,0
28.7,45.11,0
28.69,45.11,0
28.69,45.11,0
28.68,45.11,0
28.68,45.11,0
28.69,45.11,0
28.69,45.11,0
28.71,45.11,0
28.71,45.11,0
28.71,45.08,0
28.71,45.11,0
28.71,45.11,0
28.7,45.08,0
28.7,45.11,0
28.69,45.11,0
28.69,45.11,0
28.7,45.11,0
28.69,45.11,0
28.7,45.11,0
28.71,45.11,0
28.71,45.11,0
28.71,45.08,0
28.71,45.04,0
28.72,45.04,0
28.73,45.04,0
28.72,45.04,0
28.71,45.04,0
28.71,45.04,0
28.71,45.08,0
28.71,45.04,0
28.72,45.04,0
28.71,45.04,0
28.72,45.04,0
28.71,45.08,0
28.7,45.08,0
28.7,45.08,0
28.7,45.04,0
28.71,45.04,0
28.71,45.04,0
28.69,45.04,0
28.7,45.04,0
28.71,45.04,0
28.73,45.04,0
28.71,45.04,0
28.73,45.04,0
28.73,44.98,0
28.73,45.01,0
28.73,45.01,0
28.73,45.01,0
28.73,45.01,0
28.73,45.01,0
28.74,45.04,0
28.73,45.04,0
28.73,45.04,0
28.72,45.04,0
28.72,45.04,0
28.73,45.04,0
28.73,45.04,0
28.73,45.04,0
28.72,45.04,0
28.73,45.08,0
28.73,45.01,0
28.73,45.01,0
28.74,44.98,0
28.73,44.98,0
28.73,45.04,0
28.73,45.08,0
28.74,45.14,0
28.73,45.18,0
58.61202673,45.18,3
58.61202673,45.21,3
58.61202673,45.21,3
51.88610542,45.24,3
58.61202673,45.24,3
58.61202673,45.24,3
58.61202673,45.24,3
58.61202673,90.56,3
58.61202673,45.24,3
58.61202673,45.28,3
51.88610542,45.21,3
51.88610542,45.11,3
44.02910263,45.04,3
44.02910263,45.04,3
44.02910263,45.11,3
46.56085092,45.18,3
46.56085092,45.21,3
51.88610542,45.24,3
46.56085092,45.21,3
46.56085092,45.24,3
46.56085092,45.24,3
58.61202673,45.24,3
46.56085092,45.18,3
46.56085092,45.14,3
51.88610542,45.14,3
46.56085092,45.14,3
46.56085092,45.11,3
58.61202673,45.18,3
51.88610542,45.11,3
51.88610542,45.11,3
51.88610542,45.11,3
58.61202673,45.11,3
62.20892765,45.11,3
58.61202673,45.11,3
58.61202673,58.643,3
58.61202673,45.11,3
62.20892765,45.14,3
58.61202673,45.18,3
51.88610542,45.18,3
58.61202673,45.18,3
58.61202673,45.11,3
58.61202673,45.11,3
58.61202673,45.08,3
58.61202673,45.08,3
58.61202673,45.04,3
58.61202673,45.08,3
58.61202673,45.04,3
58.61202673,45.04,3
58.61202673,45.04,3
58.61202673,45.08,3
58.61202673,45.04,3
58.61202673,45.08,3
62.20892765,45.08,3
62.20892765,45.08,3
62.20892765,45.08,3
58.61202673,45.04,3
58.61202673,45.04,3
62.20892765,45.04,3
58.61202673,45.04,3
59.53902859,45.04,3
62.20892765,45.04,3
59.53902859,45.04,3
62.20892765,45.04,3
59.53902859,45.04,3
58.61202673,45.04,3
59.53902859,45.08,3
62.20892765,45.04,3
59.53902859,45.04,3
62.20892765,45.04,3
59.53902859,45.04,3
62.20892765,45.04,3
62.20892765,44.98,3
62.20892765,44.98,3
62.20892765,44.98,3
58.61202673,45.01,3
58.61202673,45.01,3
59.53902859,45.01,3
59.53902859,45.01,3
59.53902859,45.01,3
59.53902859,45.01,3
59.53902859,45.01,3
59.53902859,44.98,3
59.53902859,44.98,3
59.53902859,44.98,3
59.53902859,44.98,3
52.98506076,44.98,3
59.53902859,44.98,3
59.53902859,44.98,3
59.53902859,44.98,3
52.98506076,44.98,3
62.20892765,44.98,3
59.53902859,44.98,3
59.53902859,44.98,3
52.98506076,44.98,3
59.53902859,44.98,3
62.20892765,44.98,3
59.53902859,67.47,3
52.98506076,44.98,3
59.53902859,44.98,3
52.98506076,44.98,3
59.53902859,44.98,3
52.98506076,44.98,3
52.98506076,44.98,3
52.98506076,44.98,3
52.98506076,44.95,3
47.26854207,44.98,3
59.53902859,44.98,3
52.98506076,44.98,3
52.98506076,44.98,3
47.26854207,44.98,3
47.26854207,44.98,3
47.26854207,44.95,3
52.98506076,44.95,3
52.98506076,44.95,3
52.98506076,44.91,3
52.98506076,44.95,3
52.98506076,44.95,3
47.26854207,44.98,3
52.98506076,44.98,3
47.26854207,44.98,3
47.26854207,44.98,3
47.26854207,44.98,3
52.98506076,44.95,3
59.53902859,44.95,3
47.26854207,44.91,3
52.98506076,44.91,3
47.26854207,44.95,3
47.26854207,44.91,3
47.26854207,44.91,3
47.26854207,44.91,3
47.26854207,44.91,3
47.26854207,44.91,3
47.26854207,44.95,3
59.53902859,44.12,3
62.20892765,44.08,3
59.53902859,43.98,3
62.20892765,43.95,3
59.53902859,43.95,3
59.53902859,43.98,3
52.98506076,43.98,3
59.53902859,43.92,3
58.61202673,43.85,3
58.61202673,43.85,3
62.20892765,43.92,3
62.20892765,43.85,3
62.20892765,43.82,3
58.61202673,43.82,3
62.20892765,43.85,3
58.61202673,57.005,3
58.61202673,43.85,3
58.61202673,43.82,3
51.88610542,43.79,3
51.88610542,43.79,3
58.61202673,43.82,3
58.61202673,43.85,3
58.61202673,43.85,3
51.88610542,43.82,3
58.61202673,43.79,3
51.88610542,43.79,3
62.20892765,43.72,3
62.20892765,43.75,3
58.61202673,43.75,3
62.20892765,43.72,3
62.20892765,43.65,3
59.53902859,43.65,3
62.20892765,43.62,3
58.61202673,43.65,3
62.20892765,43.65,3
62.20892765,43.62,3
62.20892765,43.65,3
62.20892765,43.65,3
62.20892765,43.65,3
62.20892765,43.65,3
52.98506076,43.65,3
52.98506076,43.65,3
59.53902859,43.59,3
59.53902859,43.55,3
28.75,43.55,0
28.74,43.55,0
28.75,43.52,0
28.74,43.49,0
28.74,43.45,0
28.75,43.45,0
28.75,43.45,0
28.75,43.45,0
28.75,43.45,0
28.74,43.45,0
28.75,43.42,0
28.74,43.45,0
28.74,43.45,0
28.75,43.45,0
28.74,43.39,0
28.75,43.39,0
28.76,43.42,0
28.76,43.35,0
28.75,43.39,0
28.74,43.32,0
28.75,43.29,0
28.75,43.29,0
28.74,43.32,0
28.75,43.29,0
28.75,43.25,0
28.75,43.22,0
28.75,43.22,0
28.73,43.19,0
28.73,43.22,0
28.72,43.25,0
28.72,43.22,0
28.74,43.25,0
28.73,43.25,0
28.74,43.35,0
28.74,43.32,0
28.74,43.25,0
28.73,43.22,0
28.74,43.19,0
28.74,43.12,0
28.75,43.12,0
28.73,43.12,0
28.75,43.12,0
28.75,43.12,0
28.74,43.12,0
28.75,43.09,0
28.75,43.05,0
28.74,43.05,0
28.74,43.09,0
28.74,43.12,0
28.75,43.12,0
28.75,43.09,0
28.75,43.09,0
28.75,43.05,0
28.73,43.05,0
28.73,43.02,0
28.74,43.05,0
28.76,43.09,0
28.75,43.12,0
28.75,43.05,0
28.73,43.05,0
28.74,42.99,0
28.7,42.85,0
28.67,42.69,0
28.66,42.72,0
28.64,42.72,0
28.64,43.12,0
28.65,43.69,0
28.64,44.38,0
28.63,43.98,0
28.58,43.95,0
28.55,43.79,0
28.54,44.32,0
28.52,44.65,0
28.52,44.78,0
28.52,44.91,0
28.55,44.98,0
28.57,44.98,0
28.57,45.01,0
28.58,44.88,0
28.6,44.71,0
28.61,44.65,0
28.62,44.61,0
28.61,44.58,0
28.59,44.48,0
28.58,44.55,0
28.58,44.61,0
28.6,44.68,0
28.6,44.78,0
28.6,44.81,0
28.62,44.85,0
28.63,44.91,0
28.64,44.95,0
28.65,44.91,0
28.65,44.71,0
28.66,44.71,0
28.67,44.68,0
28.67,44.65,0
28.67,44.65,0
28.67,44.71,0
28.68,44.78,0
28.69,44.85,0
28.69,44.88,0
28.7,44.91,0
28.71,44.98,0
28.71,44.98,0
28.7,44.95,0
28.7,44.91,0
28.71,44.88,0
28.7,44.85,0
28.69,44.75,0
28.69,44.71,0
28.69,44.75,0
28.69,44.78,0
28.7,44.85,0
28.7,44.85,0
28.7,44.88,0
28.69,44.81,0
28.71,44.78,0
28.7,44.75,0
28.7,44.75,0
28.7,44.78,0
28.69,44.75,0
28.71,44.78,0
28.7,44.78,0
28.71,44.71,0
28.69,44.65,0
28.67,44.52,0
28.65,44.48,0
28.63,44.48,0
28.63,44.52,0
28.63,44.52,0
28.62,44.55,0
28.62,44.58,0
28.61,44.68,0
28.61,44.71,0
28.6,44.78,0
28.6,44.88,0
28.6,44.88,0
28.62,44.88,0
28.63,44.85,0
28.61,44.88,0
28.61,45.04,0
28.6,45.01,0
28.57,44.78,0
28.54,44.71,0
28.53,44.78,0
28.54,44.71,0
28.54,44.75,0
28.54,44.71,0
28.54,44.71,0
28.53,44.61,0
28.51,44.58,0
28.51,44.58,0
28.5,44.58,0
28.5,44.58,0
28.48,44.58,0
28.5,44.58,0
28.47,44.52,0
28.47,44.52,0
28.44,44.48,0
28.43,44.48,0
28.43,44.45,0
28.44,44.45,0
28.43,44.42,0
28.43,44.42,0
28.43,44.38,0
28.43,44.35,0
28.41,44.35,0
28.41,44.35,0
28.39,44.35,0
28.41,44.35,0
28.41,44.35,0
28.4,44.32,0
28.35,44.32,0
28.36,44.35,0
28.35,44.38,0
28.37,44.38,0
28.38,44.35,0
28.38,44.35,0
28.36,44.32,0
28.35,44.28,0
28.35,44.25,0
28.34,44.22,0
28.34,44.22,0
28.34,44.18,0
28.31,44.18,0
28.32,44.18,0
28.32,44.18,0
28.31,44.18,0
28.3,44.18,0
28.31,44.15,0
28.3,44.18,0
28.3,44.18,0
28.29,44.18,0
28.27,44.18,0
28.28,44.22,0
28.28,44.22,0
28.29,44.18,0
28.27,44.15,0
28.25,44.12,0
28.23,44.15,0
28.22,44.15,0
28.2,44.18,0
28.23,44.18,0
28.22,44.12,0
28.21,44.08,0
28.21,44.08,0
28.21,44.08,0
28.22,44.08,0
28.22,44.05,0
28.2,44.08,0
28.21,44.08,0
28.22,44.08,0
28.23,44.08,0
28.23,44.05,0
28.25,44.05,0
28.24,44.05,0
28.24,44.05,0
28.23,44.02,0
28.21,43.98,0
28.23,43.98,0
28.24,43.95,0
28.23,43.92,0
28.23,43.88,0
28.23,43.88,0
28.22,43.88,0
28.21,43.85,0
28.21,43.85,0
28.21,43.88,0
28.18,43.88,0
28.17,43.92,0
28.16,43.92,0
28.15,43.98,0
28.14,43.98,0
28.12,43.98,0
28.13,43.98,0
28.13,43.98,0
28.13,43.98,0
28.14,43.95,0
28.15,43.92,0
28.14,43.88,0
28.13,43.88,0
28.15,43.88,0
28.13,43.85,0
28.13,43.85,0
28.13,43.85,0
28.14,43.85,0
28.15,43.85,0
28.15,43.79,0
28.13,43.79,0
28.14,43.85,0
28.15,43.82,0
28.13,43.82,0
28.11,43.82,0
28.13,43.79,0
28.14,43.79,0
28.13,43.79,0
28.12,43.79,0
28.13,43.79,0
28.13,43.72,0
28.13,43.72,0
28.12,43.72,0
28.13,43.72,0
28.11,43.69,0
28.11,43.69,0
28.09,48.2575625,4
28.1,48.2575625,4
28.11,48.2575625,4
28.09,48.2575625,4
28.1,48.2575625,4
28.11,48.2575625,4
28.1,48.2575625,4
28.11,48.2575625,4
28.11,48.2575625,4
28.1,48.2575625,4
28.11,48.2575625,4
28.1,48.2575625,4
28.11,48.2575625,4
28.09,48.2575625,4
28.1,48.2575625,4
28.12,48.2575625,4
28.1,48.2575625,4
28.11,48.2575625,4
28.1,48.2575625,4
28.09,48.2575625,4
28.14,48.2575625,4
28.18,48.2575625,4
28.17,48.2575625,4
28.15,48.2575625,4
28.15,48.2575625,4
28.17,48.2575625,4
28.16,48.2575625,4
28.16,48.2575625,4
28.17,48.2575625,4
28.16,48.2575625,4
28.15,48.2575625,4
28.13,48.2575625,4
28.13,48.2575625,4
28.11,48.2575625,4
28.11,48.2575625,4
28.09,48.2575625,4
28.09,48.2575625,4
28.09,48.2575625,4
28.09,48.2575625,4
28.07,48.2575625,4
28.1,48.2575625,4
28.1,48.2575625,4
28.11,48.2575625,4
28.1,48.2575625,4
28.08,48.2575625,4
28.07,48.2575625,4
28.05,48.2575625,4
28.04,48.2575625,4
28.04,48.2575625,4
28.02,48.2575625,4
28.02,48.2575625,4
28.03,48.2575625,4
28.03,48.2575625,4
28.03,48.2575625,4
28.03,48.2575625,4
28,48.2575625,4
28.01,48.2575625,4
28.02,48.2575625,4
28.01,48.2575625,4
27.99,48.2575625,4
28,48.2575625,4
27.99,48.2575625,4
28.01,48.2575625,4
28.02,48.2575625,4
28.04,48.2575625,4
28.03,48.2575625,4
28.02,48.2575625,4
28.01,48.2575625,4
28.01,48.2575625,4
28.01,48.2575625,4
27.99,48.2575625,4
27.99,48.2575625,4
27.98,48.2575625,4
27.98,48.2575625,4
27.97,48.2575625,4
27.98,48.2575625,4
27.96,48.2575625,4
27.95,48.2575625,4
27.93,48.2575625,4
27.95,48.2575625,4
27.94,48.2575625,4
27.94,48.2575625,4
27.93,48.2575625,4
27.93,48.2575625,4
27.88,48.2575625,4
27.87,48.2575625,4
27.85,48.2575625,4
27.82,48.2575625,4
27.82,48.2575625,4
27.81,48.2575625,4
27.79,48.2575625,4
27.79,48.2575625,4
27.78,48.2575625,4
27.77,48.2575625,4
27.77,48.2575625,4
27.77,48.2575625,4
27.78,48.2575625,4
27.77,48.2575625,4
27.76,48.2575625,4
27.74,48.2575625,4
27.77,48.2575625,4
27.79,48.2575625,4
27.83,48.2575625,4
27.87,48.2575625,4
27.89,48.2575625,4
27.9,48.2575625,4
27.89,48.2575625,4
27.88,48.2575625,4
27.88,48.2575625,4
27.85,48.2575625,4
27.87,48.2575625,4
27.89,48.2575625,4
27.91,48.2575625,4
27.92,48.2575625,4
27.94,48.2575625,4
27.96,48.2575625,4
27.95,48.2575625,4
27.92,48.2575625,4
27.91,48.2575625,4
27.91,48.2575625,4
27.9,48.2575625,4
27.91,48.2575625,4
27.91,48.2575625,4
27.93,48.2575625,4
27.92,48.2575625,4
27.91,48.2575625,4
27.92,48.2575625,4
27.92,48.2575625,4
27.93,48.2575625,4
27.91,48.2575625,4
27.91,48.2575625,4
27.92,48.2575625,4
27.93,48.2575625,4
27.93,48.2575625,4
27.92,48.2575625,4
27.92,48.2575625,4
27.94,48.2575625,4
27.94,48.2575625,4
27.95,48.2575625,4
27.94,48.2575625,4
27.92,48.2575625,4
27.92,48.2575625,4
27.91,48.2575625,4
27.91,48.2575625,4
27.93,48.2575625,4
27.94,48.2575625,4
27.92,48.2575625,4
27.93,48.2575625,4
27.92,48.2575625,4
27.93,48.2575625,4
27.94,48.2575625,4
27.93,48.2575625,4
27.92,48.2575625,4
27.93,48.2575625,4
27.93,48.2575625,4
27.92,48.2575625,4
27.92,48.2575625,4
27.93,48.2575625,4
27.94,48.2575625,4
27.92,48.2575625,4
27.93,48.2575625,4
27.93,48.2575625,4
27.93,48.2575625,4
27.92,48.2575625,4
27.92,48.2575625,4
27.94,48.2575625,4
27.96,48.2575625,4
27.97,48.2575625,4
28.01,48.2575625,4
28.03,48.2575625,4
28.05,48.2575625,4
28.05,48.2575625,4
28.06,48.2575625,4
28.06,48.2575625,4
28.07,48.2575625,4
28.07,48.2575625,4
28.08,43.32,0
28.07,43.22,0
28.05,43.12,0
28.03,43.15,0
28.02,43.19,0
28.02,43.19,0
28.02,43.19,0
28.01,43.25,0
28.01,43.29,0
28.01,43.32,0
28.01,43.29,0
27.99,43.25,0
27.98,43.25,0
27.98,43.25,0
27.99,43.29,0
27.97,43.25,0
27.99,43.25,0
27.99,43.22,0
27.98,43.12,0
27.96,43.12,0
27.95,43.15,0
27.95,43.12,0
27.93,43.15,0
27.93,43.15,0
27.93,43.19,0
27.9,43.19,0
27.9,43.19,0
27.91,43.19,0
27.91,43.19,0
27.9,43.19,0
27.89,43.15,0
27.89,43.19,0
27.89,43.15,0
27.9,43.15,0
27.88,43.12,0
27.88,43.09,0
27.89,43.12,0
27.9,43.05,0
27.89,43.02,0
27.89,43.02,0
27.86,43.02,0
27.86,43.02,0
27.87,43.02,0
27.86,43.05,0
27.85,43.05,0
27.86,43.02,0
27.86,43.05,0
27.86,42.99,0
27.85,42.99,0
27.85,43.02,0
27.85,42.99,0
27.85,42.99,0
27.86,42.95,0
27.84,42.95,0
27.85,42.92,0
27.86,42.92,0
27.85,42.92,0
27.85,42.85,0
27.86,42.89,0
27.83,42.85,0
27.83,42.89,0
27.83,42.89,0
27.85,42.92,0
27.84,42.92,0
27.84,42.92,0
27.83,42.92,0
27.84,42.89,0
27.83,42.89,0
27.82,42.92,0
27.8,42.92,0
27.8,42.92,0
27.81,42.89,0
27.79,42.85,0
27.79,42.85,0
27.79,42.85,0
27.8,42.85,0
27.78,42.82,0
27.79,42.85,0
27.82,42.79,0
27.81,42.75,0
27.8,42.79,0
27.81,42.79,0
27.79,42.79,0
27.79,42.82,0
27.79,42.85,0
27.8,42.79,0
27.8,42.75,0
27.8,42.79,0
27.8,42.75,0
27.79,42.72,0
27.79,42.72,0
27.79,42.72,0
27.79,42.72,0
27.77,42.72,0
27.76,42.72,0
27.76,42.72,0
27.75,42.72,0
27.76,42.72,0
27.77,42.72,0
27.76,42.72,0
27.75,42.69,0
27.74,42.69,0
27.76,42.72,0
27.76,42.72,0
27.76,42.72,0
27.76,42.72,0
27.75,42.72,0
27.77,42.72,0
27.77,42.65,0
27.75,42.65,0
27.75,42.65,0
27.75,42.65,0
27.73,42.62,0
27.73,42.62,0
27.74,42.62,0
27.73,42.65,0
27.73,42.65,0
27.74,42.69,0
27.75,42.62,0
27.73,42.65,0
27.74,42.62,0
27.72,42.62,0
27.71,42.62,0
27.71,42.58,0
27.71,42.58,0
27.72,42.65,0
27.72,42.62,0
27.72,42.58,0
27.73,42.58,0
27.71,42.58,0
27.71,42.55,0
27.7,42.55,0
27.71,42.55,0
27.71,42.55,0
27.72,42.52,0
27.7,42.52,0
27.7,42.52,0
27.71,42.52,0
27.69,42.52,0
27.71,42.58,0
27.71,42.55,0
27.7,42.55,0
27.69,42.52,0
27.69,42.48,0
27.69,42.52,0
27.69,42.52,0
27.7,42.55,0
27.7,42.55,0
27.68,42.52,0
27.68,42.52,0
27.68,42.52,0
27.69,42.52,0
27.68,42.45,0
27.71,42.45,0
27.7,42.45,0
27.67,42.42,0
27.68,42.38,0
27.66,42.42,0
27.67,42.42,0
27.68,42.45,0
27.65,42.45,0
27.67,42.48,0
27.68,42.48,0
27.66,42.52,0
27.68,42.52,0
27.68,42.52,0
27.66,42.45,0
27.66,42.42,0
27.64,42.45,0
27.63,42.45,0
27.64,42.45,0
27.61,42.45,0
27.64,42.45,0
27.64,42.45,0
27.64,42.42,0
27.65,42.45,0
27.64,42.38,0
27.66,42.38,0
27.66,42.38,0
27.66,42.35,0
27.65,42.35,0
27.67,42.38,0
27.69,42.38,0
27.68,42.38,0
27.67,42.32,0
27.67,42.28,0
27.67,42.32,0
27.66,42.28,0
27.63,42.28,0
27.64,42.32,0
27.62,42.35,0
27.63,42.35,0
27.65,42.35,0
27.66,42.32,0
27.65,42.32,0
27.63,42.28,0
27.63,42.25,0
27.64,42.25,0
27.63,42.25,0
27.66,42.25,0
27.66,42.25,0
27.65,42.25,0
27.63,42.25,0
27.62,42.25,0
27.61,42.25,0
27.61,42.32,0
27.62,42.28,0
27.63,42.28,0
27.63,42.25,0
27.61,42.22,0
27.61,42.25,0
27.62,42.25,0
27.61,42.25,0
27.61,42.25,0
27.61,42.22,0
27.63,42.25,0
27.62,42.18,0
27.61,42.25,0
27.6,42.25,0
27.59,42.25,0
27.6,42.32,0
30.00358757,43.59965946,4
30.00358757,43.59965946,4
30.00358757,43.59965946,4
30.00358757,43.48967826,4
30.00358757,43.59965946,4
30.00358757,43.34315223,4
30.00358757,43.34315223,4
30.00358757,43.34315223,4
30.00358757,43.23413007,4
30.00358757,43.48967826,4
30.00358757,43.23413007,4
30.00358757,43.12647125,4
30.00358757,43.23413007,4
30.00358757,43.23413007,4
30.00358757,43.12647125,4
30.00358757,43.12647125,4
30.00358757,43.23413007,4
30.00358757,43.23413007,4
30.00358757,43.12647125,4
30.00358757,43.23413007,4
30.00358757,43.23413007,4
30.00358757,43.34315223,4
30.00358757,43.34315223,4
30.00358757,43.23413007,4
30.00358757,43.23413007,4
30.00358757,43.34315223,4
30.00358757,43.23413007,4
30.00358757,43.34315223,4
30.00358757,43.12647125,4
30.00358757,43.23413007,4
30.00358757,43.12647125,4
30.00358757,43.23413007,4
30.00358757,43.12647125,4
30.00358757,43.12647125,4
30.00358757,43.12647125,4
30.00358757,43.12647125,4
30.00358757,43.12647125,4
30.00358757,43.12647125,4
30.00358757,43.12647125,4
30.00358757,43.12647125,4
30.00358757,43.12647125,4
30.00358757,43.12647125,4
30.00358757,43.23413007,4
30.00358757,43.23413007,4
30.00358757,43.12647125,4
30.00358757,43.12647125,4
30.00358757,42.88324667,4
30.00358757,42.65507955,4
30.00358757,42.65507955,4
30.00358757,42.4452362,4
30.00358757,42.36135631,4
30.00358757,42.65507955,4
30.00358757,43.70899225,4
30.00358757,44.05980239,4
30.00358757,44.36938963,4
30.00358757,44.61338619,4
30.00358757,44.61338619,4
30.00358757,44.73518954,4
30.00358757,44.7849443,4
30.00358757,44.7849443,4
30.00358757,44.83191692,4
30.00358757,44.84505921,4
30.00358757,44.83891517,4
30.00358757,44.72233981,4
30.00358757,44.68300087,4
30.00358757,44.68300087,4
30.00358757,44.68300087,4
30.00358757,44.64010944,4
30.00358757,44.64010944,4
30.00358757,44.5302622,4
30.00358757,44.41400127,4
30.00358757,44.25296116,4
30.00358757,44.16640512,4
30.00358757,44.16640512,4
30.00358757,44.11488762,4
30.00358757,44.16640512,4
30.00358757,44.16640512,4
30.00358757,44.11488762,4
30.00358757,44.16640512,4
30.00358757,44.20842275,4
30.00358757,44.20842275,4
30.00358757,44.16640512,4
30.00358757,44.20842275,4
30.00358757,44.20842275,4
30.00358757,44.20842275,4
30.00358757,44.31555975,4
30.00358757,44.31555975,4
30.00358757,44.20842275,4
30.00358757,44.20842275,4
30.00358757,44.11488762,4
30.00358757,44.07998199,4
30.00358757,44.11488762,4
30.00358757,44.11488762,4
30.00358757,44.04850618,4
30.00358757,44.07998199,4
30.00358757,44.04850618,4
30.00358757,44.04850618,4
30.00358757,43.98911521,4
30.00358757,43.98911521,4
30.00358757,44.04850618,4
30.00358757,44.04850618,4
30.00358757,44.04850618,4
30.00358757,44.07998199,4
30.00358757,44.04850618,4
30.00358757,44.11488762,4
30.00358757,44.20842275,4
30.00358757,44.20842275,4
30.00358757,44.25296116,4
30.00358757,44.25296116,4
30.00358757,44.31555975,4
30.00358757,44.36430623,4
30.00358757,44.41400127,4
30.00358757,44.41400127,4
30.00358757,44.57864099,4
30.00358757,44.64010944,4
30.00358757,44.68300087,4
30.00358757,44.68300087,4
30.00358757,44.72233981,4
30.00358757,44.72233981,4
30.00358757,44.79637698,4
30.00358757,44.79637698,4
30.00358757,44.83891517,4
30.00358757,44.84573543,4
30.00358757,44.84505921,4
30.00358757,44.84505921,4
30.00358757,44.83191692,4
30.00358757,44.84505921,4
30.00358757,44.84505921,4
30.00358757,44.84505921,4
30.00358757,44.83191692,4
30.00358757,44.84505921,4
30.00358757,44.81257177,4
30.00358757,44.73518954,4
30.00358757,44.68829751,4
30.00358757,44.61338619,4
30.00358757,44.61338619,4
30.00358757,44.54830922,4
30.00358757,44.61338619,4
30.00358757,44.54830922,4
30.00358757,44.61338619,4
30.00358757,44.54830922,4
30.00358757,44.54830922,4
30.00358757,44.54830922,4
30.00358757,44.54830922,4
30.00358757,44.61338619,4
30.00358757,44.61338619,4
30.00358757,44.54830922,4
30.00358757,44.47605321,4
30.00358757,44.36938963,4
30.00358757,44.36938963,4
30.00358757,44.28237709,4
30.00358757,44.05980239,4
30.00358757,44.05980239,4
30.00358757,44.05980239,4
30.00358757,43.95768894,4
30.00358757,43.8525724,4
30.00358757,43.8525724,4
30.00358757,43.8525724,4
30.00358757,43.8525724,4
30.00358757,43.95768894,4
30.00358757,44.19004101,4
30.00358757,44.47605321,4
30.00358757,44.61338619,4
30.00358757,44.73518954,4
30.00358757,44.7849443,4
30.00358757,44.83191692,4
30.00358757,44.84573543,4
30.00358757,44.81890664,4
30.00358757,44.79637698,4
30.00358757,44.68300087,4
30.00358757,44.64010944,4
30.00358757,44.64010944,4
30.00358757,44.68300087,4
30.00358757,44.72233981,4
30.00358757,44.81890664,4
30.00358757,44.83891517,4
30.00358757,44.84573543,4
27.43,42.82,0
27.45,42.85,0
27.45,42.85,0
27.48,42.92,0
27.49,42.92,0
27.49,42.92,0
27.51,42.92,0
27.51,42.92,0
27.52,42.92,0
27.53,42.92,0
27.54,42.92,0
27.54,42.92,0
27.55,42.92,0
27.56,42.95,0
27.56,42.99,0
27.58,42.99,0
27.59,42.95,0
27.59,42.95,0
27.6,42.92,0
27.61,42.89,0
27.61,42.89,0
27.62,42.92,0
27.62,42.92,0
27.63,42.92,0
27.65,42.92,0
27.64,42.92,0
27.65,42.92,0
27.65,42.92,0
27.65,42.92,0
27.66,42.89,0
27.67,42.92,0
27.68,42.89,0
27.69,42.89,0
27.67,42.85,0
27.69,42.85,0
27.69,42.85,0
27.69,42.85,0
27.7,42.85,0
27.7,42.85,0
27.71,42.82,0
27.71,42.82,0
27.71,42.79,0
27.73,42.82,0
27.73,42.79,0
27.73,42.79,0
27.73,42.79,0
27.74,42.79,0
27.75,42.75,0
27.76,42.72,0
27.77,42.69,0
27.77,42.65,0
27.77,42.65,0
27.77,42.79,0
27.77,42.79,0
27.79,42.85,0
27.78,42.85,0
27.78,42.92,0
27.77,42.95,0
27.78,42.95,0
27.78,42.99,0
27.78,42.99,0
27.78,43.02,0
27.77,43.02,0
27.77,42.99,0
27.75,42.92,0
27.75,42.82,0
27.73,42.75,0
27.73,42.75,0
27.74,42.75,0
27.75,42.79,0
27.75,42.82,0
27.76,42.85,0
27.77,42.85,0
27.76,42.85,0
27.77,42.85,0
27.77,42.85,0
27.78,42.82,0
27.78,42.85,0
27.78,42.85,0
27.79,42.79,0
27.79,42.79,0
27.79,42.79,0
27.79,42.79,0
27.79,42.75,0
27.79,42.79,0
27.78,42.75,0
27.79,42.79,0
27.79,42.79,0
27.78,42.79,0
27.77,42.79,0
27.77,42.85,0
27.78,42.85,0
27.77,42.85,0
27.77,42.89,0
27.77,42.89,0
27.77,42.85,0
27.77,42.85,0
27.78,42.89,0
27.77,42.92,0
27.77,42.95,0
27.76,42.92,0
27.76,42.89,0
27.75,42.85,0
27.74,42.89,0
27.76,42.92,0
27.75,42.99,0
27.76,42.99,0
27.77,43.02,0
27.77,43.05,0
27.77,43.09,0
27.77,43.09,0
27.79,43.12,0
27.79,43.12,0
27.8,43.15,0
27.81,43.25,0
27.79,43.52,0
27.81,43.69,0
27.79,43.72,0
27.79,43.69,0
27.81,43.72,0
27.8,43.72,0
27.81,43.69,0
27.81,43.72,0
27.82,43.79,0
27.81,43.75,0
27.81,43.79,0
27.8,43.79,0
27.81,43.79,0
27.81,43.79,0
27.82,43.75,0
27.81,43.72,0
27.82,43.65,0
27.82,43.65,0
27.81,43.65,0
27.82,43.62,0
27.81,43.59,0
27.82,43.52,0
27.82,43.52,0
27.83,43.52,0
27.83,43.52,0
27.83,43.52,0
27.83,43.52,0
27.83,43.52,0
27.81,43.45,0
27.81,43.42,0
27.82,43.39,0
27.82,43.39,0
27.82,43.39,0
27.82,43.42,0
27.81,43.42,0
27.83,43.45,0
27.83,43.45,0
27.83,43.45,0
27.83,43.45,0
27.82,43.39,0
27.83,43.39,0
27.83,43.39,0
27.83,43.39,0
27.83,43.39,0
27.83,43.35,0
27.83,43.39,0
27.82,43.39,0
27.82,43.35,0
27.79,43.32,0
27.77,43.32,0
27.77,43.35,0
27.75,43.42,0
27.75,43.42,0
27.75,43.45,0
27.74,43.52,0
27.75,43.52,0
27.73,43.55,0
27.71,43.59,0
27.73,43.59,0
27.71,43.59,0
27.69,43.59,0
27.68,43.52,0
27.67,43.52,0
27.67,43.49,0
27.66,43.45,0
27.64,43.42,0
27.63,43.39,0
27.6,43.39,0
27.6,43.39,0
27.6,43.35,0
27.6,43.32,0
27.59,43.32,0
27.56,43.29,0
27.57,43.32,0
27.56,43.29,0
27.55,43.29,0
27.54,43.25,0
27.55,43.25,0
27.55,43.25,0
27.53,43.19,0
27.53,43.19,0
27.52,43.15,0
27.52,43.15,0
27.51,43.15,0
27.5,43.12,0
27.49,43.12,0
27.48,43.12,0
27.48,43.12,0
27.48,43.09,0
27.48,43.05,0
27.49,43.02,0
27.48,43.05,0
27.47,42.99,0
27.45,43.05,0
27.44,43.02,0
27.44,43.05,0
27.44,43.05,0
27.45,43.05,0
27.46,43.05,0
27.46,42.99,0
27.46,42.95,0
27.44,42.95,0
27.44,42.95,0
27.43,42.95,0
27.43,43.02,0
27.42,43.12,0
27.43,43.19,0
27.44,43.25,0
27.45,43.25,0
27.45,43.32,0
27.47,43.39,0
27.47,43.49,0
27.47,43.49,0
27.48,43.52,0
27.49,43.52,0
27.5,43.52,0
27.52,43.52,0
27.53,43.45,0
27.55,43.39,0
27.55,43.35,0
27.57,43.35,0
27.58,43.39,0
27.57,43.42,0
27.58,43.42,0
27.59,43.42,0
27.6,43.45,0
27.59,43.45,0
27.61,43.52,0
27.62,43.52,0
27.63,43.52,0
27.63,43.52,0
27.63,43.52,0
27.65,43.52,0
27.66,43.52,0
27.65,43.52,0
27.66,43.52,0
27.66,43.52,0
27.66,43.52,0
27.68,43.55,0
27.68,43.52,0
27.67,43.55,0
27.68,43.52,0
27.69,43.52,0
27.68,43.49,0
27.69,43.52,0
27.69,43.49,0
27.7,43.49,0
27.7,43.49,0
27.71,43.45,0
27.72,43.45,0
27.72,43.45,0
27.73,43.45,0
27.72,43.45,0
27.72,43.39,0
27.73,43.39,0
27.73,43.39,0
27.74,43.39,0
27.73,43.42,0
27.74,43.42,0
27.73,43.42,0
27.75,43.39,0
27.74,43.39,0
27.75,43.39,0
27.75,43.39,0
27.76,43.39,0
27.76,43.39,0
27.76,43.35,0
27.76,43.39,0
27.77,43.39,0
27.75,43.39,0
27.77,43.39,0
27.77,43.39,0
27.77,43.35,0
27.78,43.39,0
27.77,43.35,0
27.77,43.35,0
27.77,43.35,0
27.78,43.35,0
27.78,43.35,0
27.78,43.32,0
27.79,43.32,0
27.79,43.35,0
27.78,43.35,0
27.8,43.32,0
27.79,43.32,0
27.79,43.32,0
27.79,43.32,0
27.79,43.32,0
27.79,43.32,0
27.79,43.32,0
27.8,43.32,0
27.81,43.32,0
27.8,43.32,0
27.8,43.32,0
1.472826779,64.99541733,3
12.41698637,64.99541733,3
12.41698637,64.99541733,3
12.41698637,64.99541733,3
12.41698637,64.99541733,3
12.41698637,64.99541733,3
12.41698637,64.99541733,3
12.41698637,64.96539604,3
12.41698637,64.96539604,3
12.41698637,108.2427359,3
12.41698637,64.96539604,3
12.41698637,64.96539604,3
32.38676197,64.96539604,3
32.38676197,64.96539604,3
26.18511344,64.9253676,3
32.38676197,64.96539604,3
32.38676197,64.99541733,3
26.18511344,64.99541733,3
32.38676197,64.99541733,3
12.41698637,64.99541733,3
26.18511344,64.9253676,3
12.41698637,64.96539604,3
26.18511344,64.96539604,3
32.38676197,64.96539604,3
32.38676197,64.96539604,3
32.38676197,64.9253676,3
26.18511344,64.9253676,3
26.18511344,64.9253676,3
26.18511344,64.96539604,3
26.18511344,86.61147013,3
26.18511344,64.96539604,3
6.588619476,64.96539604,3
26.18511344,64.96539604,3
6.588619476,108.1627636,3
6.588619476,64.9253676,3
26.18511344,64.9253676,3
26.18511344,64.96539604,3
26.18511344,65.02543861,3
26.18511344,65.12550933,3
26.18511344,65.16553753,3
32.38676197,65.16553753,3
32.38676197,65.12550933,3
12.41698637,65.12550933,3
12.41698637,65.09548814,3
32.38676197,65.12550933,3
32.38676197,65.16553753,3
32.38676197,65.36567784,3
26.18511344,65.46574752,3
26.18511344,65.52578918,3
26.18511344,65.59583764,3
26.18511344,65.62585836,3
6.588619476,65.65587905,3
26.18511344,65.69590658,3
32.38676197,65.7259272,3
26.18511344,65.59583764,3
32.38676197,65.49576837,3
12.41698637,65.46574752,3
12.41698637,65.42571969,3
32.38676197,65.49576837,3
26.18511344,65.52578918,3
26.18511344,65.55580997,3
26.18511344,65.7259272,3
26.18511344,65.79597519,3
26.18511344,65.82599571,3
26.18511344,65.85601619,3
26.18511344,65.92606387,3
26.18511344,65.99611138,3
26.18511344,66.02613168,3
26.18511344,66.05615196,3
26.18511344,66.05615196,3
26.18511344,66.05615196,3
32.38676197,66.05615196,3
32.38676197,66.05615196,3
32.38676197,66.05615196,3
26.18511344,66.09617894,3
6.588619476,66.12619914,3
32.38676197,66.1562193,3
32.38676197,66.22626622,3
26.18511344,66.22626622,3
26.18511344,66.22626622,3
26.18511344,66.25628628,3
26.18511344,66.19624614,3
26.18511344,66.19624614,3
26.18511344,66.22626622,3
12.41698637,66.25628628,3
12.41698637,66.25628628,3
12.41698637,66.2863063,3
32.38676197,66.25628628,3
27.94383699,66.2863063,3
27.95389729,66.2863063,3
27.94383699,66.32633294,3
27.94383699,66.32633294,3
27.94383699,66.32633294,3
27.93377603,66.32633294,3
27.93377603,66.32633294,3
27.94383699,66.32633294,3
27.94383699,66.35635288,3
27.94383699,66.35635288,3
27.93377603,66.32633294,3
27.93377603,66.32633294,3
27.93377603,66.2863063,3
27.93377603,66.22626622,3
27.93377603,66.19624614,3
27.93377603,66.25628628,3
27.93377603,66.25628628,3
27.93377603,66.19624614,3
27.93377603,66.22626622,3
27.9237144,66.32633294,3
27.9136521,66.2863063,3
27.9237144,66.2863063,3
27.9136521,66.22626622,3
27.90358913,66.19624614,3
27.8935255,66.19624614,3
27.8935255,66.1562193,3
27.8935255,66.12619914,3
27.90358913,66.12619914,3
27.90358913,66.1562193,3
27.9136521,66.12619914,3
27.9237144,66.12619914,3
27.94383699,66.1562193,3
27.94383699,66.12619914,3
27.94383699,66.09617894,3
27.94383699,66.09617894,3
27.93377603,66.05615196,3
27.9237144,66.02613168,3
27.90358913,65.99611138,3
27.87339625,66.05615196,3
27.86333063,66.19624614,3
27.85326435,66.32633294,3
27.86333063,66.38637279,3
27.86333063,66.52646524,3
27.87339625,66.45641911,3
27.86333063,66.38637279,3
27.88346121,66.85668007,3
27.97401587,67.93735035,3
28.11477032,70.93889169,3
28.24535103,74.73998864,3
28.40590502,72.79956068,3
28.53622314,71.15898322,3
36.41908057,95.83961637,3
41.45196242,104.2743718,3
45.5300846,104.4542857,3
49.90000112,97.40848475,3
54.08000001,88.64506091,3
56.56,68.95793159,3
51.55000017,71.09895857,3
47.09002023,78.00004213,3
43.24054963,87.24604512,3
40.45371579,98.11799195,3
38.41168922,104.6342007,3
36.79487541,105.6337497,3
35.4717287,106.8032665,3
34.40915306,107.4330258,3
33.89847649,108.3427016,3
33.42740923,110.0021785,3
32.69153235,110.2721013,3
31.70935641,109.7022667,3
31.02008462,109.9222017,3
30.30874781,110.0721583,3
29.7931384,110.4620484,3
29.38535611,111.0518905,3
29.1361408,111.7817086,3
28.8365012,112.2116081,3
28.62637354,112.6515103,3
28.4259617,113.0614236,3
28.24535103,113.2713807,3
28.0444097,113.2713807,3
27.88346121,112.9814402,3
27.68203743,111.8316966,3
27.57114444,111.0019035,3
27.46017551,110.1521353,3
27.30873507,107.5629778,3
27.29863426,104.9140709,3
27.33903397,105.4038503,3
27.29863426,106.8532469,3
27.24812137,106.5033859,3
27.16727055,103.9345377,3
27.11672023,101.2559881,3
26.9346244,97.37850585,3
26.8840113,92.88185622,3
26.84351142,93.64127305,3
26.8131311,93.98101334,3
26.74222598,93.84112016,3
26.75235679,94.9003164,3
26.71183061,94.09092953,3
26.65102668,92.54211778,3
26.54964877,89.16468175,3
26.48879988,87.53584624,3
26.49894249,87.32599054,3
26.48879988,87.73570745,3
26.48879988,88.11544034,3
26.448225,87.47588762,3
26.40764311,86.41659755,3
26.38734958,84.33785089,3
26.43808018,84.36783433,3
26.45836938,83.76815598,3
26.45836938,82.14891799,3
26.48879988,81.28925363,3
26.48879988,82.59872275,3
26.45836938,81.65911539,3
26.46851333,80.74943818,3
26.46851333,80.6194795,3
26.50908465,80.86939896,3
26.52936762,79.97966493,3
26.54964877,80.22959608,3
26.54964877,80.28957887,3
26.54964877,79.14985982,3
26.55978865,78.89990822,3
26.55978865,78.31000318,3
26.56992808,78.3499976,3
26.59020555,77.47009113,3
26.63075486,78.98989135,3
26.65102668,79.91968076,3
26.64089101,76.88011936,3
26.64089101,76.57012305,3
26.65102668,77.57008359,3
26.67129659,77.88005518,3
26.66116188,75.69009166,3
26.68143082,76.57012305,3
26.72196289,76.88011936,3
26.74222598,75.0900349,3
26.66,55.14,0
26.68,54.73,0
26.72,53.54,0
26.73,52.46,0
26.78,52.56,0
26.8,52.87,0
26.83,52.62,0
26.87,51.67,0
26.89,51.22,0
26.93,51.54,0
26.97,53.19,0
27.01,52.62,0
27.02,51.57,0
27.05,50.8,0
27.07,50.51,0
27.1,50.26,0
27.13,50.35,0
27.16,51.92,0
27.19,52.65,0
27.2,52.43,0
27.22,51.35,0
27.25,51.47,0
27.27,51.47,0
27.31,50.96,0
27.33,50.93,0
27.37,50.39,0
27.39,50.13,0
27.42,49.74,0
27.43,49.16,0
27.45,48.48,0
27.47,48.06,0
27.5,47.77,0
27.52,47.54,0
27.55,47.41,0
27.57,47.31,0
27.58,47.18,0
27.6,47.05,0
27.62,47.02,0
27.64,46.95,0
27.65,46.95,0
27.67,46.89,0
27.67,46.82,0
27.68,46.75,0
27.71,46.69,0
27.72,46.62,0
27.73,46.59,0
27.73,46.56,0
27.75,46.49,0
27.75,46.46,0
27.75,46.43,0
27.77,46.39,0
27.79,46.36,0
27.78,46.33,0
27.79,46.3,0
27.8,46.26,0
27.82,46.23,0
27.82,46.16,0
27.83,46.16,0
27.82,46.1,0
27.84,46.1,0
27.84,46.07,0
27.85,46.03,0
27.85,46.03,0
27.87,46,0
27.87,45.97,0
27.88,45.9,0
27.88,45.9,0
27.89,45.87,0
27.9,45.87,0
27.9,45.84,0
27.9,45.84,0
27.9,45.77,0
27.89,45.77,0
27.89,45.77,0
27.91,45.77,0
27.91,45.77,0
27.91,45.74,0
27.9,45.7,0
27.92,45.7,0
27.9,45.7,0
27.92,45.7,0
27.93,45.64,0
27.93,45.64,0
27.92,45.6,0
27.92,45.6,0
27.93,45.6,0
27.94,45.57,0
27.93,45.57,0
27.94,45.57,0
27.94,45.57,0
27.94,45.54,0
27.94,45.54,0
27.94,45.51,0
27.95,45.51,0
27.95,45.47,0
27.95,45.47,0
27.96,45.51,0
27.95,45.44,0
27.96,45.44,0
27.95,45.44,0
27.96,45.44,0
27.96,45.44,0
27.96,45.41,0
27.97,45.41,0
27.97,45.37,0
27.97,45.44,0
27.96,45.41,0
27.97,45.37,0
27.96,45.37,0
27.97,45.37,0
27.98,45.37,0
27.96,45.37,0
27.97,45.34,0
27.98,45.31,0
27.98,45.31,0
27.98,45.31,0
27.97,45.31,0
27.98,45.28,0
27.98,45.31,0
27.99,45.24,0
27.98,45.28,0
27.99,45.28,0
27.99,45.24,0
27.99,45.24,0
27.98,45.28,0
28,45.28,0
27.99,45.24,0
27.98,45.24,0
27.99,45.24,0
27.99,45.24,0
27.99,45.24,0
27.99,45.24,0
53.38689274,45.21,3
53.38689274,45.21,3
53.38689274,45.21,3
53.38689274,45.21,3
53.38689274,45.21,3
53.38689274,45.21,3
53.38689274,45.18,3
53.38689274,67.77,3
53.38689274,45.18,3
77.58808809,45.18,3
53.38689274,45.18,3
42.8605137,45.18,3
77.58808809,45.18,3
53.38689274,45.18,3
77.58808809,45.18,3
53.38689274,45.14,3
53.38689274,45.14,3
53.38689274,45.14,3
77.58808809,45.11,3
68.94275742,45.11,3
77.58808809,45.11,3
53.38689274,45.11,3
77.58808809,45.11,3
77.58808809,45.11,3
77.58808809,45.11,3
77.58808809,45.11,3
68.94275742,45.11,3
68.94275742,45.11,3
68.94275742,45.11,3
68.94275742,45.11,3
77.58808809,45.08,3
68.94275742,45.11,3
68.94275742,45.08,3
68.94275742,45.08,3
68.94275742,45.08,3
68.94275742,45.08,3
68.94275742,45.08,3
77.58808809,45.04,3
77.58808809,45.04,3
53.38689274,45.04,3
77.58808809,45.04,3
77.58808809,45.04,3
77.58808809,45.04,3
53.38689274,45.04,3
77.58808809,45.04,3
77.58808809,45.04,3
77.58808809,45.04,3
77.58808809,45.04,3
68.94275742,45.04,3
77.58808809,45.04,3
68.94275742,45.04,3
77.58808809,45.04,3
68.94275742,45.04,3
68.94275742,45.01,3
68.94275742,45.04,3
68.94275742,45.01,3
68.94275742,44.98,3
68.94275742,45.01,3
68.94275742,45.01,3
68.94275742,45.01,3
77.58808809,45.01,3
68.94275742,44.98,3
68.94275742,44.98,3
68.94275742,44.98,3
68.94275742,67.47,3
68.94275742,44.98,3
77.58808809,44.98,3
68.94275742,44.98,3
46.95770005,44.98,3
68.94275742,44.98,3
68.94275742,44.95,3
68.94275742,44.98,3
68.94275742,44.98,3
68.94275742,44.98,3
68.94275742,44.98,3
68.94275742,44.98,3
68.94275742,44.98,3
77.58808809,44.98,3
77.58808809,44.98,3
77.58808809,44.98,3
68.94275742,44.98,3
68.94275742,44.98,3
68.94275742,44.98,3
77.58808809,44.98,3
68.94275742,44.98,3
46.95770005,44.98,3
68.94275742,44.98,3
68.94275742,44.95,3
68.94275742,44.98,3
28.02,44.95,0
28.01,44.98,0
28.01,44.95,0
28,44.95,0
28,44.95,0
28.01,44.95,0
28,44.95,0
28,44.98,0
28.01,44.95,0
28,44.95,0
28,44.95,0
28,44.95,0
28.01,44.95,0
28,44.95,0
28.01,44.95,0
28.01,44.95,0
28.01,44.95,0
28.01,44.95,0
28.01,44.95,0
28.01,44.95,0
28,44.95,0
28.01,44.95,0
28,44.95,0
28.01,44.95,0
28,44.95,0
28,44.95,0
28.01,44.95,0
28.01,44.95,0
28.01,44.91,0
28.01,44.95,0
28.01,44.91,0
28.01,44.91,0
28.01,44.91,0
28.01,44.91,0
28.01,44.95,0
28.01,44.91,0
28.01,44.91,0
28.01,44.91,0
28.02,44.91,0
28.01,44.91,0
28.01,44.91,0
28,44.91,0
28.01,44.91,0
28.01,44.91,0
28.01,44.88,0
28.02,44.91,0
28.01,44.91,0
28.01,44.91,0
28,44.91,0
28.01,44.91,0
28.01,44.91,0
28.01,44.91,0
28.01,44.91,0
28.01,44.91,0
28.01,44.91,0
27.99,44.91,0
28,44.91,0
28.01,44.88,0
28.01,44.88,0
28.01,44.85,0
28.01,44.91,0
28,44.91,0
28.01,44.91,0
28,44.88,0
28.01,44.88,0
28.01,44.88,0
28.01,44.88,0
28,44.88,0
28.01,44.88,0
28,44.91,0
28,44.91,0
28.01,44.91,0
28,44.91,0
28.02,44.88,0
28,44.91,0
28,44.91,0
28.01,44.91,0
28.01,44.88,0
28,44.88,0
28.01,44.91,0
28,44.88,0
28.01,44.88,0
28.01,44.91,0
28.01,44.88,0
28.01,44.91,0
28.01,44.88,0
28,44.88,0
28,44.91,0
71.07566599,44.88,2
83.41772257,44.88,2
83.41772257,44.88,2
83.41772257,44.91,2
83.41772257,44.88,2
83.41772257,44.88,2
83.41772257,44.88,2
57.14798,44.88,2
57.14798,44.85,2
71.07566599,44.88,2
83.41772257,44.91,2
83.41772257,44.91,2
57.14798,44.88,2
83.41772257,44.88,2
83.41772257,44.88,2
57.14798,44.88,2
83.41772257,44.88,2
83.41772257,44.85,2
57.14798,44.88,2
57.14798,44.88,2
83.41772257,44.88,2
83.41772257,44.88,2
83.41772257,44.88,2
83.41772257,44.88,2
83.41772257,44.88,2
83.41772257,44.88,2
83.41772257,44.85,2
57.14798,44.85,2
83.41772257,44.85,2
83.41772257,44.85,2
83.41772257,44.85,2
83.41772257,44.85,2
83.41772257,44.85,2
83.41772257,44.85,2
83.41772257,44.85,2
83.41772257,44.85,2
83.41772257,44.85,2
83.41772257,44.85,2
57.14798,44.85,2
83.41772257,44.85,2
57.14798,44.85,2
83.41772257,44.85,2
83.41772257,44.85,2
57.14798,44.85,2
34.25822823,44.85,2
57.14798,44.85,2
83.41772257,44.88,2
57.14798,44.88,2
34.25822823,44.85,2
57.14798,44.85,2
57.14798,44.85,2
83.41772257,44.85,2
83.41772257,44.85,2
83.41772257,44.85,2
57.14798,44.85,2
57.14798,44.85,2
57.14798,44.85,2
83.41772257,44.85,2
83.41772257,44.85,2
83.41772257,44.85,2
83.41772257,44.85,2
83.41772257,44.85,2
57.14798,44.85,2
83.41772257,44.85,2
83.41772257,44.85,2
71.07566599,44.85,2
83.41772257,44.85,2
83.41772257,44.85,2
83.41772257,44.85,2
83.41772257,44.85,2
83.41772257,44.85,2
83.41772257,44.85,2
83.41772257,44.85,2
57.14798,44.85,2
83.41772257,44.81,2
57.14798,44.85,2
57.14798,44.81,2
83.41772257,44.85,2
83.41772257,44.85,2
83.41772257,44.85,2
57.14798,44.85,2
83.41772257,44.85,2
83.41772257,44.81,2
71.07566599,44.85,2
57.14798,44.81,2
83.41772257,44.81,2
83.41772257,44.81,2
83.41772257,44.81,2
57.14798,44.85,2
83.41772257,44.85,2
83.41772257,44.85,2
83.41772257,44.85,2
83.41772257,44.81,2
34.25822823,44.85,2
57.14798,44.85,2
57.14798,44.85,2
57.14798,44.81,2
71.07566599,44.85,2
83.41772257,44.85,2
71.07566599,44.81,2
71.07566599,44.81,2
83.41772257,44.81,2
71.07566599,44.78,2
71.07566599,44.78,2
71.07566599,44.78,2
71.07566599,44.78,2
71.07566599,44.78,2
71.07566599,44.78,2
41.70692602,44.78,2
41.70692602,44.78,2
71.07566599,44.78,2
71.07566599,44.78,2
71.07566599,44.78,2
71.07566599,44.78,2
41.70692602,44.78,2
29.81600776,44.78,2
41.70692602,44.78,2
29.81600776,44.75,2
41.70692602,44.75,2
41.70692602,44.71,2
41.70692602,44.75,2
41.70692602,44.78,2
41.70692602,44.75,2
41.70692602,44.78,2
41.70692602,44.75,2
41.70692602,44.78,2
41.70692602,44.78,2
41.70692602,44.75,2
41.70692602,44.78,2
41.70692602,44.78,2
41.70692602,44.75,2
29.81600776,44.75,2
41.70692602,44.75,2
28.03,44.75,0
28.05,44.75,0
28.03,44.71,0
28.04,44.71,0
28.03,44.71,0
28.03,44.71,0
28.03,44.71,0
28.04,44.71,0
28.04,44.71,0
28.03,44.71,0
28.03,44.71,0
28.04,44.71,0
28.04,44.71,0
28.03,44.71,0
28.04,44.71,0
28.04,44.71,0
28.04,44.71,0
28.03,44.75,0
28.03,44.71,0
28.04,44.71,0
28.05,44.71,0
28.03,44.71,0
28.04,44.71,0
28.04,44.75,0
28.04,44.75,0
28.03,44.71,0
28.03,44.71,0
28.04,44.71,0
28.03,44.71,0
28.05,44.71,0
28.03,44.75,0
28.03,44.71,0
28.04,44.71,0
28.03,44.71,0
28.03,44.75,0
28.02,44.75,0
28.03,44.75,0
28.03,44.75,0
28.03,44.75,0
28.03,44.71,0
28.04,44.71,0
28.02,44.71,0
28.03,44.71,0
28.03,44.71,0
28.02,44.71,0
28.03,44.71,0
28.03,44.71,0
28.04,44.71,0
28.03,44.71,0
28.04,44.71,0
28.04,44.71,0
28.02,44.71,0
28.03,44.71,0
28.04,44.71,0
28.04,44.71,0
28.04,44.71,0
28.03,44.71,0
28.03,44.71,0
28.03,44.71,0
28.03,44.71,0
28.04,44.71,0
28.03,44.71,0
28.04,44.71,0
28.04,44.71,0
28.05,44.71,0
28.03,44.71,0
28.04,44.71,0
28.04,44.71,0
28.04,44.71,0
28.02,44.71,0
28.03,44.71,0
28.03,44.71,0
28.03,44.71,0
28.04,44.71,0
28.03,44.71,0
28.03,44.71,0
28.04,44.71,0
28.03,44.71,0
28.03,44.71,0
28.04,44.71,0
28.04,44.71,0
28.03,44.71,0
28.04,44.71,0
28.05,44.71,0
28.03,44.71,0
28.04,44.71,0
28.04,44.68,0
28.04,44.68,0
28.04,44.71,0
28.03,44.68,0
28.04,44.71,0
28.04,44.71,0
28.04,44.68,0
28.03,44.71,0
28.02,44.68,0
28.02,44.68,0
28.03,44.68,0
28.03,44.68,0
28.02,44.65,0
28.02,44.68,0
28.03,44.68,0
28.03,44.68,0
28.03,44.68,0
28.03,44.71,0
28.03,44.71,0
28.04,44.68,0
28.03,44.71,0
28.03,44.68,0
28.03,44.71,0
28.03,44.68,0
28.03,44.68,0
28.04,44.68,0
28.03,44.68,0
28.03,44.68,0
28.03,44.65,0
28.02,44.68,0
28.04,44.65,0
28.03,44.65,0
28.03,44.65,0
28.02,44.68,0
28.03,44.68,0
28.03,44.68,0
28.03,44.68,0
28.02,44.65,0
28.03,44.65,0
28.03,44.65,0
28.03,44.65,0
28.03,44.68,0
28.04,44.68,0
28.03,44.68,0
28.02,44.65,0
28.03,44.68,0
28.02,44.68,0
28.03,44.68,0
28.03,44.68,0
28.03,44.68,0
28.03,44.68,0
28.02,44.65,0
28.02,44.65,0
28.03,44.68,0
28.03,44.65,0
28.03,44.68,0
28.03,44.65,0
28.03,44.68,0
28.04,44.68,0
28.03,44.71,0
28.04,44.68,0
28.03,44.68,0
28.03,44.68,0
28.02,44.65,0
28.04,44.65,0
28.03,44.65,0
28.04,44.65,0
28.02,44.65,0
28.03,44.61,0
28.02,44.61,0
28.02,44.65,0
28.03,44.65,0
28.03,44.65,0
28.03,44.65,0
28.03,44.65,0
28.03,44.65,0
28.04,44.65,0
28.03,44.65,0
28.04,44.65,0
28.03,44.68,0
28.03,44.65,0
28.02,44.65,0
28.03,44.68,0
28.03,44.68,0
28.03,44.68,0
28.03,44.65,0
28.02,44.65,0
28.03,44.65,0
28.03,44.65,0
28.01,44.65,0
28.02,44.65,0
28.02,44.65,0
28.03,44.65,0
28.02,44.65,0
28.02,44.65,0
28.02,44.65,0
28.02,44.61,0
28.03,44.65,0
28.03,44.65,0
28.02,44.65,0
28.03,44.65,0
28.03,44.65,0
28.03,44.65,0
28.02,44.65,0
28.01,44.65,0
28.02,44.65,0
28.02,44.61,0
28.02,44.61,0
28.02,44.65,0
28.02,44.65,0
28.03,44.65,0
28.02,44.65,0
28.02,44.65,0
28.03,44.65,0
28.03,44.65,0
28.02,44.61,0
28.03,44.65,0
28.02,44.61,0
28.02,44.65,0
28.02,44.65,0
28.03,44.65,0
28.01,44.65,0
28.01,44.65,0
28.02,44.65,0
28.02,44.65,0
28.02,44.65,0
28.02,44.65,0
28.03,44.65,0
28.03,44.65,0
28.03,44.65,0
28.03,44.65,0
28.02,44.65,0
28.03,44.65,0
28.03,44.65,0
28.02,44.65,0
28.03,44.65,0
28.03,44.65,0
28.02,44.65,0
28.03,44.65,0
28.02,44.65,0
28.03,44.65,0
28.01,44.65,0
28.03,44.65,0
28.02,44.65,0
28.03,44.65,0
28.02,44.65,0
28.03,44.61,0
28.02,44.61,0
28.02,44.65,0
28.02,44.65,0
28.02,44.65,0
28.01,44.61,0
28.02,44.65,0
28.03,44.61,0
28.02,44.65,0
28.03,44.61,0
28.02,44.61,0
28.02,44.61,0
28.02,44.61,0
28.03,44.61,0
28.03,44.61,0
28.03,44.58,0
28.04,44.58,0
28.03,44.65,0
28.02,44.61,0
28.03,44.61,0
28.03,44.61,0
28.02,44.61,0
28.03,44.58,0
28.02,44.61,0
28.02,44.58,0
28.02,44.58,0
28.01,44.61,0
28.01,44.58,0
28.02,44.58,0
28.04,44.58,0
28.02,44.58,0
28.03,44.58,0
28.03,44.58,0
28.04,44.58,0
28.03,44.61,0
28.03,44.61,0
28.03,44.61,0
28.03,44.58,0
28.02,44.61,0
28.02,44.61,0
28.02,44.61,0
28.04,44.61,0
28.03,44.61,0
28.03,44.61,0
28.03,44.61,0
28.02,44.58,0
28.04,44.61,0
28.02,44.58,0
28.03,44.58,0
28.02,44.58,0
28.03,44.58,0
28.02,44.58,0
28.02,44.58,0
28.03,44.55,0
28.02,44.55,0
28.02,44.55,0
28.02,44.58,0
28.02,44.58,0
28.01,44.58,0
28.02,44.61,0
28.02,44.58,0
28.02,44.58,0
28.03,44.61,0
28.01,44.61,0
28.02,44.58,0
28.01,44.61,0
28.01,44.61,0
28.02,44.61,0
28.03,44.61,0
28.01,44.58,0
28.02,44.58,0
28.02,44.61,0
28.01,44.61,0
28,44.58,0
28.02,44.61,0
28,44.58,0
28,44.61,0
28.01,44.58,0
28,44.58,0
28,44.58,0
28,44.58,0
28.01,44.58,0
28.01,44.58,0
27.99,44.58,0
28,44.58,0
28.01,44.58,0
28,44.58,0
28.01,44.58,0
28,44.65,0
28,44.61,0
28,44.61,0
28,44.58,0
28,44.65,0
27.99,44.61,0
28,44.61,0
28.01,44.65,0
28,44.61,0
27.99,44.61,0
28.01,44.61,0
27.99,44.61,0
27.99,44.65,0
28,44.65,0
28,44.61,0
27.99,44.58,0
27.99,44.61,0
28,44.61,0
28,44.65,0
28,44.61,0
28,44.61,0
27.99,44.61,0
27.99,44.61,0
28,44.61,0
27.99,44.61,0
27.99,44.61,0
27.99,44.58,0
27.99,44.61,0
27.98,44.61,0
27.99,44.61,0
27.99,44.58,0
27.99,44.58,0
27.98,44.58,0
27.99,44.58,0
27.98,44.58,0
27.99,44.61,0
27.99,44.65,0
27.98,44.61,0
27.97,44.58,0
27.96,44.58,0
27.94,44.61,0
27.94,44.65,0
27.93,44.68,0
27.93,44.68,0
27.92,44.68,0
27.91,44.65,0
27.91,44.65,0
27.91,44.58,0
27.9,44.52,0
27.91,44.48,0
27.9,44.45,0
27.91,44.32,0
27.9,44.25,0
27.88,44.22,0
27.87,44.18,0
27.86,44.15,0
27.86,44.15,0
27.85,44.12,0
27.83,44.12,0
27.82,44.12,0
27.83,44.15,0
27.82,44.12,0
27.83,44.12,0
27.83,44.08,0
27.83,44.08,0
27.82,44.05,0
27.8,44.02,0
27.82,44.05,0
27.81,43.98,0
27.81,43.98,0
27.79,43.98,0
27.79,43.92,0
27.78,43.85,0
27.77,43.79,0
27.77,43.75,0
27.76,43.75,0
27.76,43.79,0
27.77,43.85,0
27.76,43.88,0
27.75,43.85,0
27.75,43.85,0
27.74,43.85,0
27.73,43.85,0
27.73,43.85,0
27.71,43.88,0
27.72,43.85,0
27.72,43.82,0
27.69,43.79,0
27.68,43.82,0
27.69,43.92,0
27.69,43.85,0
27.68,43.85,0
27.68,43.82,0
27.66,43.82,0
27.65,43.79,0
27.67,43.79,0
27.67,43.79,0
27.66,43.72,0
27.65,43.65,0
27.66,43.65,0
27.66,43.65,0
27.66,43.62,0
27.65,43.59,0
27.65,43.55,0
27.63,43.55,0
27.61,43.55,0
27.62,43.59,0
27.62,43.59,0
27.61,43.55,0
27.61,43.55,0
27.6,43.55,0
27.6,43.52,0
27.61,43.52,0
27.59,43.55,0
27.57,43.52,0
27.58,43.55,0
27.55,43.52,0
27.55,43.52,0
27.56,43.49,0
27.55,43.45,0
27.55,43.45,0
27.53,43.45,0
27.52,43.45,0
27.53,43.45,0
27.54,43.45,0
27.55,43.45,0
27.56,43.45,0
27.56,43.39,0
27.55,43.39,0
27.55,43.39,0
27.54,43.39,0
27.54,43.39,0
27.54,43.39,0
27.53,43.39,0
27.52,43.35,0
27.51,43.32,0
27.51,43.29,0
27.49,43.29,0
27.49,43.25,0
27.49,43.25,0
27.49,43.25,0
27.47,43.25,0
27.46,43.25,0
27.45,43.32,0
27.46,43.25,0
27.47,43.29,0
27.49,43.25,0
27.49,43.25,0
27.49,43.19,0
27.47,43.19,0
27.45,43.25,0
27.44,43.22,0
27.43,43.22,0
27.42,43.25,0
27.42,43.19,0
27.45,43.22,0
27.44,43.19,0
27.44,43.15,0
27.45,43.15,0
27.44,43.12,0
27.44,43.12,0
27.43,43.09,0
27.45,43.09,0
27.45,43.09,0
27.45,43.09,0
27.45,43.05,0
27.44,43.02,0
27.42,42.99,0
27.44,42.99,0
27.43,43.02,0
27.44,43.02,0
27.43,43.02,0
27.41,42.99,0
27.4,42.99,0
27.4,43.02,0
27.42,42.99,0
27.43,42.95,0
27.42,42.95,0
27.4,42.92,0
27.39,42.89,0
27.39,42.89,0
27.39,42.92,0
27.37,42.92,0
27.38,42.92,0
27.37,42.89,0
27.37,42.89,0
27.36,42.89,0
27.36,42.89,0
27.36,42.89,0
27.36,42.92,0
27.35,42.89,0
27.35,42.92,0
27.35,42.92,0
27.34,42.92,0
27.33,42.89,0
27.33,42.89,0
27.31,42.85,0
27.31,42.85,0
27.32,42.82,0
27.32,42.79,0
27.33,42.82,0
27.33,42.79,0
27.32,42.75,0
27.31,42.75,0
27.31,42.75,0
27.29,42.79,0
27.27,42.75,0
27.28,42.79,0
27.28,42.79,0
27.27,42.82,0
56.24232394,43.37657517,3
56.05599425,43.46234212,3
56.05599425,43.46234212,3
56.24232394,43.56496787,3
56.05599425,43.37657517,3
56.05599425,43.56496787,3
56.05599425,43.72841766,3
56.24232394,43.87045031,3
56.05599425,43.87045031,3
56.4336575,44.02789711,3
56.4336575,44.02789711,3
56.99693689,44.25834807,3
56.81544726,44.25834807,3
56.4336575,43.87045031,3
56.4336575,44.25834807,3
56.24232394,44.25834807,3
56.4336575,44.25834807,3
56.4336575,44.25834807,3
56.4336575,44.25834807,3
56.81544726,44.25834807,3
56.99693689,44.02789711,3
56.81544726,43.87045031,3
56.99693689,44.25834807,3
56.81544726,44.25834807,3
56.24232394,43.87045031,3
56.24232394,44.02789711,3
56.4336575,44.44289303,3
56.4336575,44.69748446,3
56.05599425,44.69748446,3
56.4336575,45.07532627,3
56.24232394,45.07532627,3
56.4336575,45.07532627,3
56.62613891,45.07532627,3
56.81544726,45.30632533,3
56.81544726,45.30632533,3
56.81544726,45.30632533,3
56.81544726,45.07532627,3
56.81544726,45.30632533,3
56.99693689,45.07532627,3
57.16580907,45.07532627,3
56.99693689,45.07532627,3
57.16580907,45.07532627,3
56.99693689,45.07532627,3
57.16580907,45.07532627,3
57.16580907,45.07532627,3
56.99693689,45.07532627,3
57.16580907,45.45931145,3
57.4469235,45.45931145,3
57.4469235,45.30632533,3
57.4469235,45.45931145,3
57.4469235,45.58900842,3
57.16580907,45.58900842,3
57.31730701,45.7174589,3
57.4469235,45.77529887,3
57.62496479,45.7174589,3
57.55060869,45.7174589,3
57.55060869,45.7174589,3
57.31730701,45.58900842,3
57.4469235,45.7174589,3
57.62496479,45.77529887,3
57.55060869,45.7174589,3
57.62496479,45.7174589,3
57.66741466,45.7174589,3
57.62496479,45.45931145,3
57.62496479,45.45931145,3
57.62496479,45.7174589,3
57.62496479,45.77529887,3
57.62496479,45.77529887,3
57.62496479,45.7174589,3
57.62496479,45.79690066,3
57.66741466,45.79690066,3
57.66741466,45.77529887,3
57.67633247,45.69922608,3
57.65112752,45.76659545,3
57.66741466,45.79690066,3
57.66741466,45.76659545,3
57.66741466,45.69922608,3
57.65112752,45.69922608,3
57.65112752,45.69922608,3
57.50129023,45.76659545,3
57.59227476,45.79690066,3
57.59227476,45.76659545,3
57.59227476,45.69922608,3
57.59227476,45.76659545,3
57.59227476,45.76659545,3
57.65112752,45.79690066,3
57.59227476,45.69922608,3
57.67633247,45.69922608,3
57.59227476,45.69922608,3
57.65112752,45.59483877,3
57.65112752,45.59483877,3
57.50129023,45.40239703,3
57.59227476,45.40239703,3
57.59227476,45.40239703,3
57.59227476,45.22281708,3
57.59227476,45.0180484,3
57.59227476,45.0180484,3
57.65112752,45.22281708,3
57.67633247,45.22281708,3
57.59227476,45.0180484,3
57.59227476,45.0180484,3
57.59227476,45.0180484,3
57.59227476,45.0180484,3
57.50129023,45.22281708,3
57.59227476,45.40239703,3
57.59227476,45.22281708,3
57.59227476,45.0180484,3
57.59227476,45.0180484,3
57.59227476,45.0180484,3
57.65112752,44.7148045,3
57.50129023,44.47182976,3
57.50129023,44.2216592,3
57.2336786,44.47182976,3
57.2336786,44.47182976,3
57.06435517,43.88594165,3
57.06435517,43.88594165,3
57.06435517,44.2216592,3
56.67680256,43.88594165,3
57.06435517,44.2216592,3
56.67680256,43.88594165,3
56.8771499,44.2216592,3
56.67680256,44.47182976,3
56.4681171,44.47182976,3
56.8771499,44.47182976,3
56.8771499,44.47182976,3
56.67680256,44.2216592,3
56.25576472,44.47182976,3
56.04410919,44.47182976,3
56.25576472,44.47182976,3
56.25576472,44.47182976,3
56.4681171,44.47182976,3
56.4681171,43.88594165,3
56.4681171,43.88594165,3
56.4681171,43.88594165,3
56.25576472,43.32254925,3
56.04410919,43.88594165,3
56.04410919,43.88594165,3
55.83706296,43.88594165,3
56.04410919,43.88594165,3
56.04410919,43.88594165,3
56.04410919,43.88594165,3
56.25576472,43.88594165,3
55.83706296,43.63866061,3
56.04410919,43.88594165,3
56.25576472,43.88594165,3
55.6379797,43.88594165,3
56.04410919,43.88594165,3
55.83706296,43.88594165,3
55.83706296,43.63866061,3
55.6379797,43.32254925,3
55.27395056,43.32254925,3
55.83706296,43.63866061,3
55.6379797,43.32254925,3
55.83706296,43.32254925,3
55.83706296,43.32254925,3
55.44958582,42.8916768,3
55.44958582,42.63968064,3
55.83706296,42.4705698,3
55.44958582,42.63968064,3
55.6379797,42.8916768,3
55.6379797,43.09972707,3
55.44958582,42.8916768,3
55.44958582,42.8916768,3
55.44958582,42.8916768,3
55.44958582,42.8916768,3
55.44958582,42.8916768,3
55.44958582,43.09972707,3
55.11249183,42.8916768,3
55.11249183,42.8916768,3
55.27395056,42.8916768,3
55.27395056,42.63968064,3
55.11249183,42.63968064,3
55.44958582,42.63968064,3
55.44958582,42.8916768,3
55.44958582,42.8916768,3
55.27395056,43.09972707,3
55.11249183,43.32254925,3
55.11249183,44.2216592,3
55.6379797,45.0180484,3
55.44958582,45.59483877,3
55.6379797,45.77529887,3
55.83706296,45.58900842,3
56.04410919,45.30632533,3
56.4681171,45.45931145,3
57.06435517,45.45931145,3
57.38065289,45.45931145,3
57.38065289,45.07532627,3
57.50129023,44.44289303,3
57.59227476,44.44289303,3
57.65112752,44.69748446,3
57.65112752,45.45931145,3
57.67633247,45.7174589,3
57.55060869,45.7174589,3
57.55060869,45.77529887,3
57.4469235,45.7174589,3
57.16580907,45.45931145,3
56.99693689,45.30632533,3
56.81544726,45.07532627,3
56.62613891,45.07532627,3
56.62613891,45.07532627,3
56.62613891,45.07532627,3
56.05599425,44.88898621,3
55.87795631,44.69748446,3
56.05599425,45.07532627,3
55.71086559,45.07532627,3
55.71086559,45.07532627,3
55.55671941,45.07532627,3
55.41686634,44.88898621,3
55.41686634,44.69748446,3
55.29204558,44.44289303,3
55.18244999,44.25834807,3
55.08780536,44.02789711,3
55.18244999,44.25834807,3
55.18244999,44.44289303,3
55.00745907,44.44289303,3
55.00745907,44.69748446,3
54.8857037,44.44289303,3
54.8857037,44.25834807,3
54.8857037,44.25834807,3
54.84189975,43.87045031,3
27.38,85.78780756,3
27.4,85.77714755,3
27.39,85.78780756,3
27.39,85.78780756,3
27.4,85.78780756,3
27.4,85.78780756,3
27.42,85.78780756,3
27.41,85.77714755,3
27.41,85.78780756,3
27.41,85.77714755,3
27.42,85.77714755,3
27.43,85.77714755,3
27.43,85.78780756,3
27.43,85.78780756,3
27.44,85.78780756,3
27.44,85.82153831,3
27.45,85.82153831,3
27.45,85.82153831,3
27.45,85.82153831,3
27.45,85.82153831,3
27.45,85.82153831,3
27.46,85.82153831,3
27.45,85.82153831,3
27.46,85.82153831,3
27.45,85.83872895,3
27.46,85.82153831,3
27.47,85.82153831,3
27.46,85.82153831,3
27.48,85.82153831,3
27.47,85.78780756,3
27.47,85.82153831,3
27.46,85.82153831,3
27.48,85.86282617,3
27.48,85.86282617,3
27.48,85.86282617,3
27.47,85.86282617,3
27.48,85.86282617,3
27.48,85.83872895,3
27.48,85.86282617,3
27.49,85.83872895,3
27.48,85.86282617,3
27.49,85.86282617,3
54.98,85.86282617,3
27.5,85.86282617,3
27.49,85.86282617,3
27.49,85.86282617,3
26.53,85.14324491,3
26.54,85.0652635,3
26.51,85.0652635,3
26.5,85.14324491,3
26.49,85.14324491,3
26.49,85.22143689,3
26.49,85.22143689,3
26.49,85.32474946,3
26.49,85.4976676,3
26.51,85.70974699,3
26.51,85.70974699,3
26.53,85.76193439,3
26.56,85.85882723,3
26.58,85.80787548,3
26.57,85.80787548,3
26.6,85.88907688,3
26.6,85.80787548,3
26.6,85.80787548,3
26.59,85.70974699,3
26.59,85.56660069,3
26.58,85.4976676,3
26.58,85.40050704,3
26.59,85.40050704,3
26.59,85.32474946,3
26.62,85.32474946,3
26.6,85.22143689,3
26.6,85.0652635,3
26.59,84.96275318,3
26.61,84.96275318,3
26.61,85.0652635,3
26.61,85.0652635,3
26.61,85.0652635,3
26.61,85.0652635,3
26.61,84.96275318,3
26.6,85.0652635,3
26.61,85.0652635,3
26.61,85.0652635,3
26.61,85.14324491,3
26.6,85.0652635,3
26.6,85.0652635,3
26.59,85.0652635,3
26.59,85.0652635,3
26.59,85.0652635,3
26.59,85.0652635,3
26.59,85.0652635,3
26.61,84.88770868,3
26.61,84.81476581,3
26.62,84.72140622,3
26.6,84.81476581,3
26.6,84.72140622,3
26.6,84.72140622,3
26.61,84.81476581,3
26.61,84.81476581,3
26.61,84.72140622,3
26.61,84.88770868,3
26.63,84.96275318,3
26.62,85.14324491,3
26.63,85.14324491,3
26.64,85.40050704,3
26.65,85.56660069,3
26.65,85.63129667,3
26.67,85.76193439,3
26.69,85.80787548,3
26.72,85.85882723,3
26.75,85.91247974,3
26.77,85.93330854,3
26.77,85.93330854,3
26.79,85.94156038,3
26.79,85.94156038,3
26.8,85.94400861,3
26.8,85.94156038,3
26.82,85.91247974,3
26.83,85.80787548,3
26.82,85.70974699,3
26.85,85.63129667,3
26.85,85.63129667,3
26.87,85.70974699,3
26.87,85.80787548,3
26.89,85.85882723,3
26.89,85.88907688,3
26.91,85.88907688,3
26.91,85.88907688,3
26.91,85.91247974,3
26.92,85.91247974,3
26.93,85.93330854,3
26.94,85.91247974,3
26.95,85.91247974,3
26.96,42.32,0
26.97,42.32,0
26.97,42.35,0
26.97,42.38,0
26.97,42.35,0
26.99,42.35,0
26.99,42.32,0
27.01,42.35,0
27.01,42.32,0
27.01,42.32,0
27.01,42.32,0
27.03,42.35,0
27.03,42.42,0
27.03,42.42,0
27.04,42.45,0
27.05,42.42,0
27.05,42.42,0
27.05,42.38,0
27.07,42.38,0
27.06,42.35,0
27.07,42.32,0
27.07,42.32,0
27.08,42.32,0
27.07,42.35,0
27.08,42.38,0
27.08,42.42,0
27.09,42.42,0
27.09,42.42,0
27.09,42.38,0
27.09,42.38,0
27.09,42.35,0
27.11,42.32,0
27.1,42.32,0
27.1,42.32,0
27.12,42.35,0
27.11,42.35,0
27.12,42.35,0
27.13,42.35,0
27.14,42.35,0
27.13,42.35,0
27.13,42.35,0
27.13,42.35,0
27.13,42.32,0
27.13,42.32,0
29.91081955,42.32,4
29.91081955,42.32,4
29.91081955,42.32,4
29.91081955,42.32,4
29.91081955,42.35,4
29.91081955,42.38,4
29.91081955,42.38,4
29.91081955,42.38,4
29.91081955,42.38,4
29.91081955,42.38,4
29.91081955,42.38,4
29.91081955,42.38,4
29.91081955,42.38,4
29.91081955,42.38,4
29.91081955,42.42,4
29.91081955,42.42,4
29.91081955,42.42,4
29.91081955,42.42,4
29.91081955,42.42,4
29.91081955,42.42,4
29.91081955,42.38,4
29.91081955,42.42,4
29.91081955,42.42,4
29.91081955,42.38,4
29.91081955,42.42,4
29.91081955,42.38,4
29.91081955,42.42,4
29.91081955,42.42,4
29.91081955,42.42,4
29.91081955,42.38,4
29.91081955,42.38,4
29.91081955,42.38,4
29.91081955,42.38,4
29.91081955,42.38,4
29.91081955,42.38,4
29.91081955,42.38,4
29.91081955,42.38,4
29.91081955,42.42,4
29.91081955,42.42,4
29.91081955,42.42,4
29.91081955,42.45,4
29.91081955,42.45,4
29.91081955,42.45,4
29.91081955,42.45,4
29.91081955,42.45,4
29.91081955,42.45,4
29.91081955,42.45,4
29.91081955,42.45,4
29.91081955,42.45,4
29.91081955,42.48,4
29.91081955,42.45,4
29.91081955,42.45,4
29.91081955,42.42,4
29.91081955,42.42,4
29.91081955,42.42,4
29.91081955,42.42,4
29.91081955,42.45,4
29.91081955,42.42,4
29.91081955,42.42,4
29.91081955,42.45,4
29.91081955,42.45,4
29.91081955,42.45,4
29.91081955,42.45,4
29.91081955,42.45,4
29.91081955,42.45,4
29.91081955,42.45,4
29.91081955,42.45,4
29.91081955,42.45,4
29.91081955,42.45,4
29.91081955,42.45,4
29.91081955,42.45,4
29.91081955,42.45,4
29.91081955,42.45,4
29.91081955,42.48,4
29.91081955,42.45,4
29.91081955,42.45,4
29.91081955,42.45,4
29.91081955,42.45,4
29.91081955,42.45,4
29.91081955,42.45,4
29.91081955,42.45,4
29.91081955,42.45,4
29.91081955,42.45,4
29.91081955,42.45,4
29.91081955,42.45,4
29.91081955,42.48,4
29.91081955,42.52,4
29.91081955,42.52,4
29.91081955,42.52,4
29.91081955,42.52,4
29.91081955,42.52,4
29.91081955,42.52,4
29.91081955,42.52,4
29.91081955,42.52,4
29.91081955,42.52,4
29.91081955,42.52,4
29.91081955,42.48,4
29.91081955,42.52,4
29.91081955,42.52,4
29.91081955,42.52,4
29.91081955,42.52,4
29.91081955,42.48,4
29.91081955,42.52,4
29.91081955,42.52,4
29.91081955,42.52,4
29.91081955,42.52,4
29.91081955,42.45,4
29.91081955,42.48,4
29.91081955,42.48,4
29.91081955,42.48,4
29.91081955,42.48,4
29.91081955,42.52,4
29.91081955,42.52,4
29.91081955,42.55,4
29.91081955,42.55,4
29.91081955,42.55,4
29.91081955,42.58,4
29.91081955,42.58,4
29.91081955,42.55,4
29.91081955,42.58,4
29.91081955,42.58,4
29.91081955,42.58,4
29.91081955,42.58,4
29.91081955,42.58,4
29.91081955,42.58,4
29.91081955,42.58,4
29.91081955,42.62,4
29.91081955,63.93,4
29.91081955,42.65,4
29.91081955,42.65,4
29.91081955,42.65,4
29.91081955,42.65,4
29.91081955,42.65,4
27.21,42.65,0
27.21,42.65,0
27.21,42.65,0
27.22,42.65,0
27.21,42.65,0
27.22,42.65,0
27.21,42.65,0
27.21,42.65,0
27.2,42.65,0
27.22,42.65,0
27.21,42.65,0
27.22,42.65,0
27.22,42.65,0
27.21,42.65,0
27.21,42.65,0
27.21,42.65,0
27.21,42.65,0
27.22,42.65,0
27.21,42.65,0
27.21,42.65,0
27.21,42.65,0
27.21,42.69,0
27.2,42.69,0
27.22,42.69,0
27.21,42.69,0
27.22,42.72,0
27.21,42.72,0
27.21,42.72,0
27.21,42.72,0
27.22,42.72,0
27.21,42.72,0
27.22,42.72,0
27.22,42.72,0
27.21,42.72,0
27.21,42.72,0
27.21,42.75,0
27.22,42.72,0
27.23,42.75,0
27.22,42.75,0
27.21,42.79,0
27.21,42.79,0
27.22,42.75,0
27.22,42.75,0
27.22,42.79,0
27.21,42.72,0
27.22,42.75,0
27.22,42.75,0
27.22,42.79,0
27.21,42.79,0
27.21,42.79,0
27.21,42.79,0
27.22,42.79,0
27.21,42.79,0
27.21,42.79,0
27.21,42.79,0
27.22,42.79,0
27.21,42.79,0
27.23,42.82,0
27.21,42.82,0
27.22,42.82,0
27.21,42.79,0
27.21,42.79,0
27.21,42.79,0
27.21,42.75,0
27.21,42.75,0
27.21,42.72,0
27.21,42.72,0
27.21,42.72,0
27.21,42.72,0
27.22,42.72,0
27.21,42.72,0
27.21,42.75,0
27.21,42.75,0
27.21,42.75,0
27.21,42.79,0
27.21,42.79,0
27.22,42.82,0
27.22,42.85,0
27.21,42.85,0
27.22,42.85,0
27.22,42.85,0
27.23,42.85,0
27.22,42.85,0
27.21,42.89,0
27.22,42.85,0
27.22,42.89,0
27.21,42.85,0
27.21,42.85,0
42.98933074,47.19857627,4
42.98933074,47.19857627,4
43.61956485,47.19857627,4
42.98933074,47.19857627,4
41.28425634,47.19857627,4
42.98933074,47.19857627,4
41.28425634,47.19857627,4
42.98933074,47.19857627,4
42.98933074,47.19857627,4
38.85642584,47.19857627,4
42.98933074,47.19857627,4
42.98933074,47.19857627,4
42.98933074,47.19857627,4
41.28425634,47.19857627,4
41.28425634,47.19857627,4
42.98933074,47.19857627,4
42.98933074,47.19857627,4
41.28425634,47.19857627,4
42.98933074,47.19857627,4
42.98933074,47.19857627,4
42.98933074,47.19857627,4
42.98933074,47.19857627,4
42.98933074,47.19857627,4
42.98933074,47.19857627,4
42.98933074,47.19857627,4
41.28425634,47.19857627,4
41.28425634,47.19857627,4
42.98933074,47.19857627,4
41.28425634,47.19857627,4
42.98933074,47.19857627,4
42.98933074,47.19857627,4
41.28425634,47.19857627,4
42.98933074,47.19857627,4
42.98933074,47.19857627,4
42.98933074,47.19857627,4
42.98933074,47.19857627,4
42.98933074,47.19857627,4
42.98933074,47.19857627,4
41.28425634,47.19857627,4
41.28425634,47.19857627,4
42.98933074,47.19857627,4
42.98933074,47.19857627,4
41.28425634,47.19857627,4
42.98933074,47.19857627,4
41.28425634,47.19857627,4
42.98933074,47.19857627,4
42.98933074,47.19857627,4
42.98933074,47.19857627,4
42.98933074,47.19857627,4
41.28425634,47.19857627,4
42.98933074,47.19857627,4
42.98933074,47.19857627,4
42.98933074,47.19857627,4
42.98933074,47.19857627,4
42.98933074,47.19857627,4
42.98933074,47.19857627,4
42.98933074,47.19857627,4
41.28425634,47.19857627,4
41.28425634,47.19857627,4
42.98933074,47.19857627,4
42.98933074,47.19857627,4
41.28425634,47.19857627,4
42.98933074,47.19857627,4
41.28425634,47.19857627,4
41.28425634,47.19857627,4
41.28425634,47.19857627,4
38.85642584,47.19857627,4
42.98933074,47.19857627,4
42.98933074,47.19857627,4
42.98933074,47.19857627,4
41.28425634,47.19857627,4
42.98933074,47.19857627,4
42.98933074,47.19857627,4
42.98933074,47.19857627,4
42.98933074,47.19857627,4
42.98933074,47.19857627,4
42.98933074,47.19857627,4
42.98933074,47.19857627,4
42.98933074,47.19857627,4
43.61956485,47.19857627,4
42.98933074,47.19857627,4
41.28425634,47.19857627,4
42.98933074,47.19857627,4
42.98933074,47.19857627,4
42.98933074,47.19857627,4
41.28425634,47.19857627,4
42.98933074,47.19857627,4
41.28425634,47.19857627,4
41.28425634,47.19857627,4
42.98933074,47.19857627,4
42.98933074,47.19857627,4
42.98933074,47.19857627,4
43.61956485,47.19857627,4
41.28425634,47.19857627,4
41.28425634,47.19857627,4
41.28425634,47.19857627,4
42.98933074,47.19857627,4
42.98933074,47.19857627,4
42.98933074,47.19857627,4
43.61956485,47.19857627,4
42.98933074,47.19857627,4
42.98933074,47.19857627,4
38.85642584,47.19857627,4
41.28425634,47.19857627,4
42.98933074,47.19857627,4
41.28425634,47.19857627,4
42.98933074,47.19857627,4
42.98933074,47.19857627,4
42.98933074,47.19857627,4
42.98933074,47.19857627,4
42.98933074,47.19857627,4
42.98933074,47.19857627,4
43.61956485,47.19857627,4
41.28425634,47.19857627,4
42.98933074,47.19857627,4
42.98933074,47.19857627,4
41.28425634,47.19857627,4
42.98933074,47.19857627,4
42.98933074,47.19857627,4
42.98933074,47.19857627,4
43.61956485,47.19857627,4
41.28425634,47.19857627,4
42.98933074,47.19857627,4
43.61956485,47.19857627,4
42.98933074,47.19857627,4
42.98933074,47.19857627,4
42.98933074,47.19857627,4
41.28425634,47.19857627,4
42.98933074,47.19857627,4
42.98933074,47.19857627,4
42.98933074,47.19857627,4
41.28425634,47.19857627,4
42.98933074,47.19857627,4
42.98933074,47.19857627,4
42.98933074,47.19857627,4
43.61956485,47.19857627,4
42.98933074,47.19857627,4
43.61956485,47.19857627,4
42.98933074,47.19857627,4
42.98933074,47.19857627,4
42.98933074,47.19857627,4
42.98933074,47.19857627,4
38.85642584,47.19857627,4
42.98933074,47.19857627,4
42.98933074,47.19857627,4
42.98933074,47.19857627,4
42.98933074,47.19857627,4
42.98933074,47.19857627,4
42.98933074,47.19857627,4
41.28425634,47.19857627,4
42.98933074,47.19857627,4
43.61956485,47.19857627,4
42.98933074,47.19857627,4
42.98933074,47.19857627,4
43.61956485,47.19857627,4
43.03659526,47.19857627,4
41.36441883,47.19857627,4
41.36441883,47.19857627,4
36.22705986,47.19857627,4
36.22705986,47.19857627,4
31.42870775,47.19857627,4
29.7645614,47.19857627,4
28.6210372,47.19857627,4
29.7645614,47.19857627,4
28.6210372,47.19857627,4
27.90318747,47.19857627,4
27.48874202,47.19857627,4
27.26670482,47.19857627,4
27.26670482,47.19857627,4
27.26670482,47.19857627,4
27.26670482,47.19857627,4
27.15449662,47.19857627,4
27.09912903,47.19857627,4
27.09912903,47.19857627,4
27.07056371,47.19857627,4
27.07056371,47.19857627,4
27.05355311,47.19857627,4
27.05,42.45,0
27.04,42.45,0
27.03,42.45,0
27.03,42.42,0
27.01,42.42,0
27,42.38,0
27,42.38,0
26.99,42.38,0
26.98,42.42,0
26.98,42.45,0
26.99,42.45,0
26.99,42.45,0
26.99,42.38,0
26.99,42.35,0
26.99,42.35,0
27,42.32,0
26.97,42.25,0
26.97,42.22,0
26.96,42.18,0
26.93,42.18,0
26.94,42.18,0
26.93,42.18,0
26.94,42.22,0
26.93,42.18,0
26.93,42.15,0
26.92,42.12,0
26.92,42.15,0
26.91,42.18,0
26.9,42.12,0
26.91,42.15,0
26.89,42.15,0
26.88,42.12,0
26.89,42.15,0
26.86,42.12,0
26.85,42.12,0
26.87,42.18,0
26.85,42.18,0
26.85,42.12,0
26.84,42.12,0
26.82,42.12,0
26.82,42.05,0
26.81,42.02,0
26.8,42.05,0
26.8,42.05,0
26.79,42.02,0
26.77,42.05,0
26.81,42.05,0
26.81,42.05,0
26.81,42.05,0
26.8,41.98,0
26.79,41.98,0
26.78,41.98,0
26.77,41.98,0
26.78,42.02,0
26.77,41.98,0
26.77,41.98,0
26.75,41.95,0
26.74,41.98,0
26.76,41.98,0
26.75,41.95,0
26.75,41.91,0
26.74,41.91,0
26.74,41.91,0
26.73,41.85,0
26.73,41.88,0
26.73,41.85,0
26.73,41.85,0
26.72,41.85,0
26.72,41.85,0
26.73,41.85,0
26.71,41.85,0
26.71,41.85,0
26.7,41.85,0
26.69,41.85,0
26.69,41.85,0
26.67,41.85,0
26.67,41.85,0
26.69,41.85,0
26.69,41.85,0
26.68,41.85,0
26.68,41.81,0
26.65,41.78,0
26.65,41.78,0
26.64,41.78,0
26.64,41.78,0
26.63,41.78,0
26.63,41.78,0
26.63,41.78,0
26.64,41.78,0
26.64,41.75,0
26.66,41.75,0
26.63,41.75,0
26.63,41.78,0
26.63,41.71,0
26.62,41.75,0
26.6,41.75,0
26.62,41.75,0
26.61,41.78,0
26.59,41.75,0
26.59,41.75,0
26.6,41.78,0
26.61,41.85,0
26.61,41.91,0
26.61,41.95,0
26.62,42.05,0
26.62,42.18,0
26.62,42.25,0
26.64,42.32,0
26.66,42.35,0
26.67,42.38,0
26.7,42.35,0
26.71,42.38,0
26.73,42.38,0
26.72,42.45,0
26.73,42.45,0
26.74,42.45,0
26.74,42.48,0
26.75,42.38,0
26.75,42.35,0
26.77,42.32,0
26.79,42.25,0
26.79,42.25,0
26.8,42.32,0
26.8,42.38,0
26.82,42.45,0
26.83,42.52,0
26.83,42.48,0
26.82,42.48,0
26.82,42.45,0
26.84,42.45,0
26.84,42.48,0
26.85,42.52,0
26.85,42.52,0
26.87,42.52,0
26.86,42.52,0
26.89,42.52,0
26.89,42.52,0
26.9,42.55,0
26.89,42.52,0
26.9,42.52,0
26.91,42.55,0
26.91,42.58,0
26.92,42.58,0
26.92,42.58,0
26.92,42.58,0
26.93,42.55,0
26.93,42.55,0
26.92,42.55,0
26.92,42.55,0
26.93,42.55,0
26.94,42.55,0
26.94,42.58,0
26.95,42.58,0
26.96,42.58,0
26.95,42.58,0
26.96,42.58,0
26.96,42.58,0
26.96,42.58,0
26.97,42.58,0
26.97,42.58,0
26.97,42.58,0
26.97,42.58,0
26.97,42.55,0
26.99,42.58,0
26.99,42.58,0
26.99,42.58,0
26.98,42.58,0
26.98,42.55,0
26.99,42.55,0
26.98,42.55,0
26.97,42.55,0
26.99,42.58,0
26.99,42.58,0
26.99,42.58,0
26.99,42.58,0
27,42.62,0
27,42.58,0
27,42.58,0
27,42.58,0
27.01,42.58,0
27.01,42.58,0
27,42.58,0
27,42.58,0
27.01,42.58,0
27.02,42.58,0
27.01,42.58,0
27.01,42.58,0
27.01,42.58,0
27.01,42.58,0
27.01,42.62,0
27.02,42.58,0
27.02,42.58,0
27.03,42.58,0
27.01,42.58,0
27.02,42.58,0
27.02,42.58,0
27.03,42.58,0
27.03,42.65,0
27.03,42.65,0
27.02,42.65,0
27.03,42.65,0
27.03,42.65,0
27.03,42.65,0
27.03,42.65,0
27.05,42.65,0
27.04,42.65,0
27.03,42.65,0
27.03,42.65,0
27.04,42.62,0
27.04,42.58,0
27.04,42.58,0
27.03,42.58,0
27.03,42.58,0
27.04,42.58,0
27.04,42.58,0
27.03,42.62,0
27.04,42.62,0
27.04,42.62,0
27.05,42.62,0
27.05,42.62,0
27.05,42.62,0
